algorithm,fn_id,dim,num_runs,pop_size,max_iter,fes_per_run,mean_error,std_error,min_error,median_error,max_error,logscore,elapsed_sec
MVDO,1,10,30,30,1000,30000,0.0916704226100175,0.055614804448672,0.0261771016585043,0.0774068991368324,0.3000996779212528,-1.0996328482573192,1.778954029083252
MVDO,2,10,30,30,1000,30000,6.659249044502957,2.897453804217476,0.0103168114952154,7.862166146751207,8.920412832025193,0.6248857659348347,1.4962260723114014
MVDO,3,10,30,30,1000,30000,1.0847896796906336,0.8424036214368743,0.0977297920976525,0.877145028301527,3.747377948368808,-0.1097633029638781,1.4783995151519775
MVDO,4,10,30,30,1000,30000,11.11922737690143,4.688324603525179,3.990017914272357,10.456215197640065,23.8883052267048,1.0071355200683116,1.4878709316253662
MVDO,5,10,30,30,1000,30000,0.0951768712561602,0.2086125007484953,0.0026525570731337,0.0111724235259202,0.9355398098145996,-1.7298363765865483,1.6259043216705322
MVDO,6,10,30,30,1000,30000,2522.0745436245643,2087.364601682852,221.8665116707757,1751.6251390368973,6761.566531243916,3.213800010213457,1.7950634956359863
MVDO,7,10,30,30,1000,30000,25.498265265966783,24.391137950788544,1.6400444540929584,22.30226881929684,151.57002383687086,1.293592225330576,2.4680726528167725
MVDO,8,10,30,30,1000,30000,22.37209013770104,6.318489157604216,3.218364387498241,23.869692690708234,29.83450877277164,1.308660153536901,2.3211514949798584
MVDO,9,10,30,30,1000,30000,234.230019347542,26.366721920249507,229.28809721031396,229.31250904271724,376.2188590806095,2.3676339008579084,2.213780403137207
MVDO,10,10,30,30,1000,30000,137.9282153411413,51.68749292154824,100.2522780813124,100.44450919575706,221.100726014512,2.111976177075212,2.182092905044556
MVDO,11,10,30,30,1000,30000,89.91517919968622,153.1419974107485,0.5490352109995911,1.3039314373370416,400.4935020635685,0.7025568423882371,2.4447033405303955
MVDO,12,10,30,30,1000,30000,162.66808362007657,1.8443720436963804,158.63772423781438,163.33698666935106,165.06890648679155,2.211274231057224,2.5597116947174072
MVDO,1,20,30,30,1000,30000,16.941933948068275,9.796026761541746,3.994373935577471,13.954775843165663,45.05837734429451,1.1591367779089523,1.5009150505065918
MVDO,2,20,30,30,1000,30000,52.39607023769195,12.521166758284028,24.351170240580476,49.15537237224604,73.79257025019137,1.7059734143263308,1.4904944896697998
MVDO,3,20,30,30,1000,30000,5.587607330080906,2.637222350638849,1.88464894571689,5.069974420970084,13.163012801559605,0.7026717528402225,1.4775993824005127
MVDO,4,20,30,30,1000,30000,33.918773602105425,10.165123083492489,16.114639505535024,32.04169364269927,59.23407797886637,1.510940018496158,1.4568467140197754
MVDO,5,20,30,30,1000,30000,26.55741130404144,21.205510563286893,1.0237601875503517,23.61153732278348,92.99679374102072,1.218915525177018,1.593219518661499
MVDO,6,20,30,30,1000,30000,12528.389020326724,7246.026143887032,2633.70093402318,10711.17677887225,26548.44318773186,4.009554275269328,1.7568678855895996
MVDO,7,20,30,30,1000,30000,79.32929816056775,43.852641442532736,27.04100705923838,68.86913884432624,215.9128441251405,1.8467890187343927,2.4095466136932373
MVDO,8,20,30,30,1000,30000,79.65938807262314,63.90853365616655,25.781030570818984,34.531689246612586,207.43388635382556,1.7585222266830656,2.2965190410614014
MVDO,9,20,30,30,1000,30000,181.29808843994968,0.327039894743049,180.90432470151245,181.1952246452261,182.27646027002083,2.2583925195514976,2.185594320297241
MVDO,10,20,30,30,1000,30000,1530.4190723165266,734.5611083153314,100.5743066998898,1680.5500632707203,2653.123476467192,3.0595834370556627,2.1824429035186768
MVDO,11,20,30,30,1000,30000,328.5267270781363,67.75036742008241,16.0770367720138,320.10448403829696,402.6514303370918,2.484294023040571,2.4357972145080566
MVDO,12,20,30,30,1000,30000,256.6458233512393,20.244796042986923,235.44740501145907,248.1146768267381,316.66384315513415,2.408059267817572,2.5520219802856445
PSO,1,10,30,30,1000,30000,1.0346565583555882e-06,3.196240619390072e-06,2.2027393242751714e-09,1.549001353851054e-07,1.74801349999143e-05,-6.929912341569663,0.2991921901702881
PSO,2,10,30,30,1000,30000,28.347021834194223,31.59621577470224,0.3851109227154552,19.46166079670735,155.35370223252733,1.1941869910999812,0.2900538444519043
PSO,3,10,30,30,1000,30000,0.0407503483194129,0.218411817327995,8.833467290969566e-11,3.045539074264525e-07,1.216924765494127,-6.602462677767763,0.3113672733306885
PSO,4,10,30,30,1000,30000,15.03582712482326,6.252746413436882,3.979836228373188,14.924370742943095,29.211520452067816,1.1328881867621163,0.2711083889007568
PSO,5,10,30,30,1000,30000,0.1929993564095866,0.2741281256563951,1.1368683772161605e-13,0.089528250416663,0.9981762877114306,-4.595763670967762,0.3884828090667724
PSO,6,10,30,30,1000,30000,3200.6763702431977,2571.1591863054737,38.741456922723046,2610.8404473820456,6429.844572203634,3.203334817461882,0.5220282077789307
PSO,7,10,30,30,1000,30000,15.920153374129374,9.057584723559607,0.0030331250309245,20.22342624343105,24.043211109295044,0.8999714629094698,1.137683629989624
PSO,8,10,30,30,1000,30000,24.1677561747827,31.602058628230044,0.2017803119179007,20.662373098468606,143.24629261943255,0.9881029613547468,1.0385761260986328
PSO,9,10,30,30,1000,30000,230.9097989631097,5.005143778921329,229.2843827084871,229.2843827084871,249.405893011246,2.3633449826483086,0.902442216873169
PSO,10,10,30,30,1000,30000,152.01967341225784,57.52044893741888,100.28809528117336,104.90681125012496,230.0803167313848,2.150736467097803,0.931769609451294
PSO,11,10,30,30,1000,30000,264.5415978599937,209.6209037769428,1.6370904631912708e-11,180.00489775131177,815.3976780634789,0.6845357748317281,1.1791040897369385
PSO,12,10,30,30,1000,30000,184.2483864741243,27.980060314266165,162.4421206623183,170.9890704586719,283.5453745338709,2.261083815714221,1.284030199050903
PSO,1,20,30,30,1000,30000,2742.33051752181,4380.768381711226,305.9527530101868,736.3940085308868,16767.91582255088,3.060096587789116,0.2973701953887939
PSO,2,20,30,30,1000,30000,87.07120530226729,105.10767904005588,32.26479492593137,54.35840843887465,614.0250316884333,1.8298056908175968,0.2921512126922607
PSO,3,20,30,30,1000,30000,1.6608158660106445,1.6920766355608006,0.0067314869547772,1.1117236919330935,6.359669112501933,-0.1314595874065161,0.3130266666412353
PSO,4,20,30,30,1000,30000,44.5452963882958,17.263806706567067,20.89418425231884,42.17787636930643,95.07509359551273,1.6212772314574058,0.2733595371246338
PSO,5,20,30,30,1000,30000,69.53875907618034,134.95545192742318,1.35668213608119,12.58642654020241,493.37373716160096,1.2857940177229,0.3896770477294922
PSO,6,20,30,30,1000,30000,1083631.0698020556,5260984.512638285,155.7748689868174,3779.5984437895554,29345078.771066383,3.73837739573735,0.5246138572692871
PSO,7,20,30,30,1000,30000,56.68563391529678,40.011198030297145,24.19057166892708,45.86792602534342,183.5719457850014,1.6865546485095015,1.1409854888916016
PSO,8,20,30,30,1000,30000,79.51897676449434,70.90280454383581,21.546222234806464,41.02653396301798,266.7661697783092,1.7428482956224256,1.0322928428649902
PSO,9,20,30,30,1000,30000,209.73482450750492,42.67631404297794,180.8036848228703,195.60822983282696,387.299398048614,2.314658111358517,0.9137651920318604
PSO,10,20,30,30,1000,30000,482.5887310661401,415.4549744280925,100.6162879705189,271.8588160700126,1583.0793777387105,2.4987756286212925,0.9383955001831056
PSO,11,20,30,30,1000,30000,1002.1699111256946,689.5735927767346,0.0002634595384733,890.7755982724141,3126.6633960959152,2.535878222810538,1.2511868476867676
PSO,12,20,30,30,1000,30000,313.8894842572577,41.2323511801358,247.95331713245423,301.22802214437115,449.100310385878,2.493286671691461,1.3094420433044434
GWO,1,10,30,30,1000,30000,2547.611872207972,2129.1359311615743,61.82172993266812,2673.312236918954,7373.228803941205,3.075845013776512,0.7324025630950928
GWO,2,10,30,30,1000,30000,31.38353298886556,24.22373767696517,3.2882425497223835,20.067541767757177,76.27322354641115,1.3216497575323902,0.7203187942504883
GWO,3,10,30,30,1000,30000,4.282103060828316,4.493318692946574,0.0296310031319535,2.7864609005305283,22.285747599771756,0.3452733490048236,0.7352135181427002
GWO,4,10,30,30,1000,30000,18.930602132780823,9.071091153131423,5.1218258606105564,17.35522453312393,45.29577081438083,1.2271718543920074,0.70176100730896
GWO,5,10,30,30,1000,30000,22.95175832921988,44.08508689971195,0.082833508782528,14.759488196381652,245.1474506643708,0.7138127417494123,0.8214235305786133
GWO,6,10,30,30,1000,30000,3967.929953407064,2268.5096826437552,176.72368351268074,3503.629442435841,6489.171129896082,3.456530902061321,0.9660708904266356
GWO,7,10,30,30,1000,30000,38.15648865478578,16.216093069543234,10.29831498220392,34.16034796771419,79.22261439513431,1.5369501791525293,1.6241159439086914
GWO,8,10,30,30,1000,30000,29.5327340417579,21.666403764056568,19.95999871698632,25.73720353086196,145.46371452762924,1.4303108994153015,1.5227272510528564
GWO,9,10,30,30,1000,30000,282.1186857910188,40.278002845304165,229.2883133192936,271.9393640917731,376.23380941844334,2.4461300447843213,1.3884904384613037
GWO,10,10,30,30,1000,30000,156.3517954096909,80.41146959763604,100.2290997910486,100.5478726875524,460.5647707033922,2.1488890530172715,1.4008407592773438
GWO,11,10,30,30,1000,30000,270.79418129692885,211.76400591963227,1.067512014399199,132.1021930934121,650.8505946147229,2.136933420425099,1.6603219509124756
GWO,12,10,30,30,1000,30000,168.6231229472281,9.594447441886992,159.55375041110983,165.3085995001427,212.03976426393865,2.2262842493876525,1.7693421840667725
GWO,1,20,30,30,1000,30000,11830.90654115202,5676.541578963481,3624.745638285396,11976.18914971052,28308.48533675413,4.020920420350909,0.7369272708892822
GWO,2,20,30,30,1000,30000,132.48574788583937,53.88421517049606,50.42560051516881,125.34186408145894,305.2409376848844,2.0874466674741696,0.7201399803161621
GWO,3,20,30,30,1000,30000,14.143982523473085,6.587401049221731,1.853833892576404,13.391248069838923,28.32826462043124,1.0920492782366449,0.7383408546447754
GWO,4,20,30,30,1000,30000,59.74001545068071,18.659782917542675,20.08912842746429,56.33212674597843,105.36087384597931,1.7529021338576145,0.7023673057556152
GWO,5,20,30,30,1000,30000,856.8340787745527,589.3759691389853,111.5718873207694,707.11113164522,2281.657007296541,2.8167661109324214,0.8127686977386475
GWO,6,20,30,30,1000,30000,3567742.5530575407,7040018.38841303,376.3882050447446,22973.338479433125,21838239.211125053,4.81233566698348,0.9698853492736816
GWO,7,20,30,30,1000,30000,107.2633524300224,47.55932628165392,35.39193216930221,102.2023610691765,246.86192254352773,1.984751789159536,1.624162197113037
GWO,8,20,30,30,1000,30000,57.05781038432513,57.46930890103194,25.4549960624222,31.236666297774946,271.5758495261198,1.6301091742510472,1.5192136764526367
GWO,9,20,30,30,1000,30000,238.2041480787493,40.09629525727005,183.2810769880525,232.8813386375264,344.5267127686484,2.3710990792143987,1.3905162811279297
GWO,10,20,30,30,1000,30000,1499.3411692736445,832.6944182516686,100.9198277711862,1665.934714047801,3613.638939204999,3.014142172453925,1.4094517230987549
GWO,11,20,30,30,1000,30000,1115.225871919179,471.731456646858,334.48702358343417,993.1586578112484,2278.9215405462137,3.0089786363641458,1.6714739799499512
GWO,12,20,30,30,1000,30000,299.9809597322949,40.970910422247954,242.68665060822377,289.3472737555089,424.0876349332975,2.473318534228805,1.7772467136383057
WOA,1,10,30,30,1000,30000,13941.895324898032,8363.553542910822,7262.467972610134,11437.584431610994,53975.49984007131,4.100226019048771,0.4309597015380859
WOA,2,10,30,30,1000,30000,221.22942124237136,167.11900320471946,35.696969121612085,191.2462230552596,833.7781666514741,2.2372763948281125,0.4176270961761474
WOA,3,10,30,30,1000,30000,45.146318567384846,15.574849754223598,18.018521621713266,42.65441734605975,75.7207522267671,1.6253739835032648,0.437382698059082
WOA,4,10,30,30,1000,30000,49.34972259798182,14.257765340447468,24.30447311057401,48.41802010126543,77.99709557052518,1.6748771225462076,0.4000849723815918
WOA,5,10,30,30,1000,30000,614.0355998258148,326.1129437384048,193.30791725590507,557.3102739526453,1599.0705090923748,2.7270426244217685,0.5175423622131348
WOA,6,10,30,30,1000,30000,248662.38817194948,1200422.796687187,361.82000019167344,4906.683601598991,6700344.992927198,3.8136422456494983,0.6551432609558105
WOA,7,10,30,30,1000,30000,94.10008326440116,36.12494694984236,51.19222262144331,86.70451140123282,180.8198643027704,1.9454961040296268,1.2771198749542236
WOA,8,10,30,30,1000,30000,40.32415614936068,12.883945256055371,28.25698668519499,35.34532835357277,77.31435107700781,1.587971866851868,1.1682627201080322
WOA,9,10,30,30,1000,30000,389.23416618865,42.50500411132128,275.12242821415794,393.7711003182965,465.848795478254,2.58736433561856,1.0698864459991455
WOA,10,10,30,30,1000,30000,566.6321672735401,536.0645637994968,100.72775254927863,289.27129500910337,1777.7386674056506,2.558811963779746,1.082787036895752
WOA,11,10,30,30,1000,30000,521.7835486798499,360.35534023075206,143.0518929791083,304.67724621646744,1281.8760038840103,2.6067632284392586,1.3306832313537598
WOA,12,10,30,30,1000,30000,254.54141334985857,74.12550736939299,172.7557473212487,226.0589237248339,411.448162683243,2.3886902316025056,1.44844651222229
WOA,1,20,30,30,1000,30000,47967.29588409509,17287.99474430547,24673.00531052437,42483.28323402108,90613.82164710252,4.655714520377533,0.4287295341491699
WOA,2,20,30,30,1000,30000,1026.8731549811944,534.77132326599,347.8760312447723,904.2358135814304,2535.9761421624053,2.9512258901627044,0.4209573268890381
WOA,3,20,30,30,1000,30000,75.59885494820544,14.062622554822225,42.64130904781507,76.05798253379362,99.3545885677296,1.8702977524414357,0.4383413791656494
WOA,4,20,30,30,1000,30000,162.57391779603535,18.3312957222282,119.5142631611776,167.92038954868917,191.89904581756264,2.208137128512164,0.4038465023040771
WOA,5,20,30,30,1000,30000,2879.6003044667214,715.7208884805528,1028.4506162858363,2927.90054264495,4457.318197160738,3.443632545751481,0.5212404727935791
WOA,6,20,30,30,1000,30000,339749696.96543294,431378194.1833959,11302143.826386862,181192685.2521298,1734241412.762241,8.202126441805538,0.6568877696990967
WOA,7,20,30,30,1000,30000,243.7769206212934,79.24753491579162,104.41778414477405,224.27237740452915,497.0310439245509,2.3648462881411727,1.2827813625335691
WOA,8,20,30,30,1000,30000,148.447947047105,130.86261702578085,40.3941398408374,82.66287649053402,536.3008030710298,2.03062101795076,1.1787540912628174
WOA,9,20,30,30,1000,30000,504.2448090103391,123.73973824775362,311.29622636086515,472.52535131388777,839.2904550659523,2.690645527723121,1.068159103393555
WOA,10,20,30,30,1000,30000,3367.9982635247297,1124.7333864329953,229.157321811902,3716.055835444402,5573.197430249727,3.470892669219773,1.0825719833374023
WOA,11,20,30,30,1000,30000,4411.399896080103,1129.647581869,2312.438813060913,4466.617590364069,6523.04391160993,3.6289416973386,1.3287575244903564
WOA,12,20,30,30,1000,30000,553.1795028441271,152.37638054657438,341.0853839017018,487.365179060924,979.7382689730612,2.7276388662083586,1.4434683322906494
SCA,1,10,30,30,1000,30000,1132.9430884769613,741.440497520327,365.6344153418022,909.6335860607364,4228.84520178075,2.9914307370875703,0.6640973091125488
SCA,2,10,30,30,1000,30000,67.74119706985738,19.924044880162416,31.050496577235947,64.88214129761292,129.3260160091902,1.8126538350158008,0.6462240219116211
SCA,3,10,30,30,1000,30000,19.77146400213463,4.024927660237649,12.65760868849793,19.116947686240337,29.529354379455867,1.2874197827236726,0.6638689041137695
SCA,4,10,30,30,1000,30000,42.23518659415311,8.101222421295494,27.120282282851008,42.02606381400688,55.97963967658757,1.6173406307616505,0.629051685333252
SCA,5,10,30,30,1000,30000,138.267962704501,93.2246992606434,50.00837623096788,113.96452624586811,519.0242783020426,2.0749831271809818,0.7541651725769043
SCA,6,10,30,30,1000,30000,3563598.533050516,2691742.974432198,192173.44698042524,3174110.831955343,12011627.392376162,6.382295447419478,0.8968846797943115
SCA,7,10,30,30,1000,30000,56.208824705863655,9.00011943106151,30.647979638400106,55.52822807019879,78.68094967554816,1.7437413917773923,1.5507299900054932
SCA,8,10,30,30,1000,30000,34.25084435472924,2.7573129944539625,27.76673166941282,33.98572057726187,39.66095919239069,1.5332314764945758,1.451188325881958
SCA,9,10,30,30,1000,30000,267.71861601777874,12.805147009687836,245.97583674570612,265.5815794316084,302.61693093064696,2.4271895032392243,1.3301336765289309
SCA,10,10,30,30,1000,30000,117.46689870894608,45.03468367003489,100.61966898607308,102.06351182746904,256.39930877813003,2.0496965747344107,1.3372540473937988
SCA,11,10,30,30,1000,30000,176.55369108321284,8.167195884312697,155.55816188907102,174.96278395045942,190.4591036828356,2.246406410108288,1.5941596031188965
SCA,12,10,30,30,1000,30000,170.07222382285298,1.433976647916402,167.54656158216312,170.28175389357148,172.60309502015116,2.2306179274978963,1.7084190845489502
SCA,1,20,30,30,1000,30000,16793.148880838664,4493.135152507825,11314.247522654296,15463.992585743768,29366.42923449135,4.211471883799212,0.6636345386505127
SCA,2,20,30,30,1000,30000,368.74053005824567,97.01217998931872,228.16404453550285,352.5482503231027,618.2862862548156,2.5521114311506325,0.6535255908966064
SCA,3,20,30,30,1000,30000,45.64829911831944,6.271408151487699,33.445610138559005,44.82524801646434,59.6175957502486,1.6552833239670113,0.6681573390960693
SCA,4,20,30,30,1000,30000,143.21626544744757,17.693886938717608,109.8047172603791,141.01657389420689,190.00137357881465,2.152746197942505,0.6341900825500488
SCA,5,20,30,30,1000,30000,1407.5416683933613,344.8598069949715,814.2840114601595,1418.5627761741691,2081.1433621593706,3.1351549459717205,0.7637121677398682
SCA,6,20,30,30,1000,30000,123166879.25138624,99670778.2325213,13141224.873095317,80096509.41096994,332815361.991538,7.954445356374998,0.9098410606384276
SCA,7,20,30,30,1000,30000,148.1311607203228,23.145990981530737,113.47047711199184,149.1162170419684,186.7066242953033,2.1652149903172773,1.559708595275879
SCA,8,20,30,30,1000,30000,71.19231923201997,30.839105124317808,42.0175106476986,62.88969522782236,210.2491294314509,1.8261747584009005,1.459949254989624
SCA,9,20,30,30,1000,30000,300.046125509327,35.07993411575165,242.89402018227884,295.5650621326131,383.7589476455378,2.4743262521112634,1.3369779586791992
SCA,10,20,30,30,1000,30000,1062.627048789926,1627.1113908837722,121.10896332934954,135.76855768137534,4295.890995060074,2.51446030530242,1.3456745147705078
SCA,11,20,30,30,1000,30000,2317.284534345939,342.21591628087026,1519.1431419641783,2422.6314437431924,2819.1266780093674,3.3597409606300697,1.6010007858276367
SCA,12,20,30,30,1000,30000,373.07108384472747,26.803966628183105,320.78039170027887,373.1877486300798,432.402107765261,2.570671235906405,1.7085819244384766
AOA,1,10,30,30,1000,30000,3221.8465166089413,2445.257515732598,155.9027510029581,2982.190423994104,8854.31371967496,3.3179311381650565,0.5127964019775391
AOA,2,10,30,30,1000,30000,84.92801329211244,118.82740742294256,0.9179372553892904,47.64231864016208,489.4839651100119,1.5444020627417951,0.5018846988677979
AOA,3,10,30,30,1000,30000,29.17301531130869,17.12915628142693,6.116416750742928,26.921907484532998,64.0033960236791,1.372591436204227,0.5161399841308594
AOA,4,10,30,30,1000,30000,32.31259844820713,10.416640210854151,12.623714925002789,32.675299290578096,65.78187126342834,1.4876052168206413,0.4824113845825195
AOA,5,10,30,30,1000,30000,489.1346084629973,273.5855976395575,91.15716556946086,504.54138332615867,1147.5428366862106,2.604348973359317,0.5968732833862305
AOA,6,10,30,30,1000,30000,10253.710423463815,10233.782422288969,1679.3586233533106,7265.038697737539,46452.921221733,3.862985103072672,0.7351517677307129
AOA,7,10,30,30,1000,30000,67.71562627666273,30.393976508701645,23.52142267163208,57.1852097063495,135.83081850182316,1.7885933229430016,1.3744757175445557
AOA,8,10,30,30,1000,30000,34.964259941757184,29.657093196562645,5.757604319338498,26.579760302707427,142.59566944893777,1.465299045599436,1.2680258750915527
AOA,9,10,30,30,1000,30000,322.93684893136765,51.909272764264976,229.46320365356905,320.8341708839073,481.97148247399446,2.503697084290813,1.1512949466705322
AOA,10,10,30,30,1000,30000,170.49246285888535,68.62696655740136,100.38956210780088,165.2424136699099,265.17002661384504,2.193737548433035,1.169109582901001
AOA,11,10,30,30,1000,30000,382.0317847056242,313.6981230538451,14.400905816869454,230.61428848835635,1246.7218323357663,2.3866615864304426,1.4207725524902344
AOA,12,10,30,30,1000,30000,190.59824114436464,41.95041472654919,158.87133223815408,170.82025041389488,380.1447711008759,2.272310250566872,1.5347073078155518
AOA,1,20,30,30,1000,30000,18535.914217112306,6015.591620308082,4929.690304314986,18810.957254708635,34258.769808304656,4.239972213456786,0.5139670372009277
AOA,2,20,30,30,1000,30000,511.5446461328558,327.84590239995754,106.00041079117386,396.7660281197721,1708.7186869175862,2.6312107995111083,0.5063750743865967
AOA,3,20,30,30,1000,30000,47.935198323497126,16.292731005683805,18.13529912242848,48.620471542937366,75.57932901087145,1.652807601255158,0.5180401802062988
AOA,4,20,30,30,1000,30000,115.5771173251092,20.180702837688248,82.60290935800003,113.40322492951822,153.49147942937643,2.056155291598148,0.4845385551452636
AOA,5,20,30,30,1000,30000,2212.078623743869,777.7253861766168,1164.1734577406403,2082.9324790304427,5016.4721712363935,3.323587438967168,0.5993115901947021
AOA,6,20,30,30,1000,30000,28556165.40066589,84319493.52121623,4255.491117640681,477204.3284987128,434250124.60695314,5.958920342994673,0.7457764148712158
AOA,7,20,30,30,1000,30000,184.19645677792025,75.25573154308377,56.48020169704114,182.98388288281376,358.9792774806533,2.22518209029154,1.373481035232544
AOA,8,20,30,30,1000,30000,112.96467839670596,81.22394508415127,29.289731821424997,67.99188533253778,329.3619146421684,1.9336416416093256,1.2724049091339111
AOA,9,20,30,30,1000,30000,296.33319924118337,92.94461040270166,195.2452930529325,290.226074583034,646.3713859209402,2.454065972009256,1.1530895233154297
AOA,10,20,30,30,1000,30000,1423.1615698927262,1215.7065515992574,102.51239036659808,1786.7813855174936,3941.959442541359,2.867690627137863,1.1701278686523438
AOA,11,20,30,30,1000,30000,2888.564670571107,1345.414619337318,914.41180082451,2741.5768460382146,5924.288385864369,3.409300445741897,1.4253008365631104
AOA,12,20,30,30,1000,30000,388.8136108182915,126.5806507736881,252.13946105798368,349.44792472128097,811.4636118143058,2.571211262969765,1.5317704677581787
EO,1,10,30,30,1000,30000,1059.831888998032,1486.31772532077,47.42523228116767,201.5098768540439,5000.94632420876,2.517566844296199,0.7701320648193359
EO,2,10,30,30,1000,30000,19.7822056705243,22.25513784493824,0.0033246577040699,10.347083173414376,71.59004244562738,0.8859462120077993,0.7483482360839844
EO,3,10,30,30,1000,30000,2.8626402676254923,3.653824066358792,0.0374378185109662,1.54619859262516,14.048888883721588,0.0424297936086117,0.7577364444732666
EO,4,10,30,30,1000,30000,17.074159065774953,6.433004199844236,6.964893390129987,17.107742359721783,32.92039684538702,1.19811475971617,0.7305564880371094
EO,5,10,30,30,1000,30000,36.50448670457772,41.48735031703159,0.4078697669245912,33.84678260592693,168.41422004703008,1.0882301192977828,0.8523204326629639
EO,6,10,30,30,1000,30000,3592.3637629215536,2348.071906878284,69.77077688890995,3458.7045220727823,6334.318911994154,3.303535986991881,1.0097947120666504
EO,7,10,30,30,1000,30000,39.11680407585066,12.653377323452302,20.02408921923802,37.50898089095449,66.20011710276003,1.5688759329090614,1.6600253582000732
EO,8,10,30,30,1000,30000,26.20170940551561,21.309900627017207,5.907813878616707,22.886800596780176,139.44163218826907,1.3649508215904234,1.5557289123535156
EO,9,10,30,30,1000,30000,255.1277235270149,22.214627235894937,229.28439794143333,262.0439226478913,288.15402247060547,2.405105012319176,1.431141376495361
EO,10,10,30,30,1000,30000,147.93262300229466,58.67196924932111,100.20519463289747,100.4538997046509,249.1177861009205,2.13715080705628,1.4441452026367188
EO,11,10,30,30,1000,30000,247.4340409715561,191.29953248537709,0.2339297933526722,225.60284909550955,598.9152809335146,1.8417177675897063,1.7033395767211914
EO,12,10,30,30,1000,30000,166.46996391321343,5.594714775836467,161.40495508951744,164.934999793815,186.85044829320395,2.2211018338706143,1.82041597366333
EO,1,20,30,30,1000,30000,12090.309712300052,4395.464914561672,5023.990878727722,11801.836567838229,23019.83699283376,4.052033815182356,0.768308162689209
EO,2,20,30,30,1000,30000,130.8232712602533,53.76507830540681,65.57413468430752,113.27247725077564,297.0330586801183,2.085369157326619,0.7522735595703125
EO,3,20,30,30,1000,30000,15.272020104872295,6.538688062214648,5.734187084725249,15.00246285615964,32.745962999973926,1.1417780087339,0.7601490020751953
EO,4,20,30,30,1000,30000,62.91654117372188,18.12365517264151,31.982114794532208,60.82391167936379,118.0065637764817,1.7816451425176365,0.7335855960845947
EO,5,20,30,30,1000,30000,711.3648667084409,313.0842537088069,249.53714019313568,674.2218533460208,1454.9527202245772,2.809663599986915,0.8513576984405518
EO,6,20,30,30,1000,30000,836866.5539761403,3418379.4192322805,263.4935371307429,15727.33250764212,18994440.981795598,4.250556809935598,1.0190463066101074
EO,7,20,30,30,1000,30000,100.54025419205452,59.172012123993504,39.30584694256595,79.89430057886534,235.91516260687516,1.936507291311719,1.662100315093994
EO,8,20,30,30,1000,30000,66.71246108209759,61.19719541037556,23.659590402254707,32.949802831738225,265.9901530020088,1.6826287952348158,1.6092405319213867
EO,9,20,30,30,1000,30000,214.64129438374667,20.360019547184347,189.39464751810328,210.3048905644748,261.5810955086854,2.329828616920281,1.433290958404541
EO,10,20,30,30,1000,30000,1029.6027911483675,728.6351373265978,100.704325796411,1096.1231830830295,2366.76330314997,2.7862834965682515,1.4448604583740234
EO,11,20,30,30,1000,30000,1164.3446406250946,495.4022293335374,528.9429067296219,995.7593417093516,2251.5783080521687,3.029806771992692,1.703040599822998
EO,12,20,30,30,1000,30000,278.99643138549703,20.923069819729896,245.4971993964018,276.0836993381022,333.4646498132961,2.4444147725123795,1.815744400024414
SVOA,1,10,30,30,1000,30000,101.13829665228958,67.9674316626432,6.400564671871962,78.98622559517463,294.94623640650207,1.897234162451868,5.993922710418701
SVOA,2,10,30,30,1000,30000,5.298452010348743,3.760757877229638,0.1607104512476667,6.690679797313152,8.953528597285754,0.4337406469999443,5.584090709686279
SVOA,3,10,30,30,1000,30000,2.608269329322009,1.285058783704472,0.6018454421658816,2.2686548850036843,5.883017515429856,0.3615946043367198,2.923656702041626
SVOA,4,10,30,30,1000,30000,14.14719937024421,5.22832646938553,4.28163628799075,14.331415716438867,22.25082256446637,1.1126063001907365,2.584097385406494
SVOA,5,10,30,30,1000,30000,0.0914445351056997,0.0878084916447686,0.0017815292309251,0.0695277079752259,0.3781626524543071,-1.2880216810478828,2.948458671569824
SVOA,6,10,30,30,1000,30000,5212.272461536699,4105.567429529349,349.34802636022505,3787.174654494048,21621.45577357444,3.605027402442457,4.08039140701294
SVOA,7,10,30,30,1000,30000,34.99866426928228,8.171201084130255,22.642272748063988,36.02106354145474,49.22135568590784,1.532021686825543,6.757406234741211
SVOA,8,10,30,30,1000,30000,26.611756535239,2.2935917974352837,20.726458156972512,26.86767823165405,31.414803224438856,1.423385650321872,6.552148818969727
SVOA,9,10,30,30,1000,30000,230.771047011538,0.8702336386756172,229.48499281238537,230.79443761954872,232.3352333695493,2.363178234259285,9.530201196670532
SVOA,10,10,30,30,1000,30000,100.49303149854046,0.0872440894176599,100.26756751586116,100.4996907150212,100.68150320641736,2.002135783740482,10.733930587768556
SVOA,11,10,30,30,1000,30000,1.604287869364877e-06,2.8868992036194187e-06,4.99871930514928e-08,5.680772119376343e-07,1.548387854199973e-05,-6.186856992016804,9.92578649520874
SVOA,12,10,30,30,1000,30000,163.9346259917032,1.1749885310895756,159.41061495022768,163.94311424011084,165.32334013501304,2.214659438659825,12.327908277511597
SVOA,1,20,30,30,1000,30000,10384.32456575075,3762.275525986177,4386.387938595619,10565.86325224115,20033.018779286136,3.98772909967512,4.811245679855347
SVOA,2,20,30,30,1000,30000,52.52232583444226,8.244109842790524,45.509992954079735,49.39188871938202,74.51212207657272,1.7158991644268284,2.5115466117858887
SVOA,3,20,30,30,1000,30000,14.129709206142396,2.87093952495677,8.94653310908518,14.150781232497252,21.14679226083115,1.1411686180428475,2.4267640113830566
SVOA,4,20,30,30,1000,30000,50.5606091901775,9.393519159337608,27.94617393735757,50.64638516874021,68.40356434557623,1.6956137390907382,1.945521354675293
SVOA,5,20,30,30,1000,30000,1.4253622692610974,0.6925465932850581,0.5412289369370455,1.2362015955372954,2.625402374374744,0.1007372569501566,4.949784755706787
SVOA,6,20,30,30,1000,30000,62281.87867878618,55362.35012854231,662.8031950499817,43375.711114990256,207884.0505011363,4.529577680961659,6.109147787094116
SVOA,7,20,30,30,1000,30000,91.28052902393432,17.96334916579194,48.36680056872774,90.89347172158024,134.72070727505798,1.9513801980588343,6.817449569702148
SVOA,8,20,30,30,1000,30000,34.00287200175423,3.799358581952496,28.551347926754715,33.317861594180386,44.22885762491296,1.528943331542351,6.746347188949585
SVOA,9,20,30,30,1000,30000,197.4473361543949,6.929980156801912,185.107494755448,197.0212443652188,221.284807363636,2.295189789802736,10.053524494171144
SVOA,10,20,30,30,1000,30000,125.35864594662256,85.25929270055005,100.52732686498484,100.8688322750868,539.0996598524525,2.054182904791153,11.208043098449709
SVOA,11,20,30,30,1000,30000,313.34555367671527,34.023837900189015,300.00009093359586,300.0002938116636,400.2090267280387,2.493793116011446,9.947574853897097
SVOA,12,20,30,30,1000,30000,256.5024828481491,6.683230397955989,244.13646985134343,255.42092536577863,276.15124481340627,2.408946067592881,8.557709455490112
