algorithm,suite,fn_id,dim,num_runs,pop_size,max_iter,fes_per_run_nominal,mean_error,std_error,min_error,median_error,max_error,logscore,mean_fitness,std_fitness,min_fitness,median_fitness,max_fitness,elapsed_sec
MVDO,Classical,1,30,30,30,1000,30000,1.3646239055182374,0.4223467737240104,0.7643365144111384,1.1821303408822046,2.041402726359222,0.1138611004629393,1.3646239055182374,0.4223467737240104,0.7643365144111384,1.1821303408822046,2.041402726359222,1.5238535404205322
MVDO,Classical,2,30,30,30,1000,30000,1343939683252611.8,4212064890002987.0,213.1895198353152,2949374.1372543,1.85243388762686e+16,7.08263317206872,1343939683252611.8,4212064890002987.0,213.1895198353152,2949374.1372543,1.85243388762686e+16,1.382430076599121
MVDO,Classical,3,30,30,30,1000,30000,168.9169301864521,45.74250838577196,76.80458617923239,164.7080341066909,295.7752197525106,2.210539133030047,168.9169301864521,45.74250838577196,76.80458617923239,164.7080341066909,295.7752197525106,1.378268480300903
MVDO,Classical,4,30,30,30,1000,30000,1.7648300019312937,0.7143788866689398,0.9755430364519136,1.48251965185356,4.196706657728753,0.2182517739075913,1.7648300019312937,0.7143788866689398,0.9755430364519136,1.48251965185356,4.196706657728753,1.3722138404846191
MVDO,Classical,5,30,30,30,1000,30000,5356.929809595558,8271.171919089404,206.0818392946078,1314.5987660546898,28368.21644025335,3.270453793374464,5356.929809595558,8271.171919089404,206.0818392946078,1314.5987660546898,28368.21644025335,1.4126183986663818
MVDO,Classical,6,30,30,30,1000,30000,7.933333333333334,3.696244340167763,1.0,7.0,18.0,0.8411828519176224,7.933333333333334,3.696244340167763,1.0,7.0,18.0,1.3776803016662598
MVDO,Classical,7,30,30,30,1000,30000,7.266571716821706,5.846310739710316,1.5463991964673196,6.108479638630149,29.152503203598595,0.745177826691693,7.266571716821706,5.846310739710316,1.5463991964673196,6.108479638630149,29.152503203598595,1.378221035003662
MVDO,Classical,8,30,30,30,1000,30000,4334.643241421666,783.2946648045636,2709.9764765391537,4400.6549768660525,5969.145503718578,3.629366895928774,-8234.843758578332,783.2946648045635,-9859.510523460844,-8168.832023133947,-6600.341496281421,1.3956549167633057
MVDO,Classical,9,30,30,30,1000,30000,57.27704814342157,16.32648222353808,25.800822092926683,54.41859687107045,87.2208034470799,1.738768514352392,57.27704814342157,16.32648222353808,25.800822092926683,54.41859687107045,87.2208034470799,1.3795506954193115
MVDO,Classical,10,30,30,30,1000,30000,1.7391888411114609,0.4608191260040064,0.5009544039762983,1.8012217567492628,2.6016774915806,0.2209824963955181,1.7391888411114609,0.4608191260040064,0.5009544039762983,1.8012217567492628,2.6016774915806,1.442549228668213
MVDO,Classical,11,30,30,30,1000,30000,0.8471198219186957,0.0843637720784753,0.6225082960497061,0.8468054639266894,1.001100609957565,-0.0743169509355317,0.8471198219186957,0.0843637720784753,0.6225082960497061,0.8468054639266894,1.001100609957565,1.4211525917053225
MVDO,Classical,12,30,30,30,1000,30000,1.1640081587559337,0.8094207733127133,0.0970419692487104,1.030571435890587,3.1077808800393854,-0.0839258339080602,1.1640081587559337,0.8094207733127133,0.0970419692487104,1.030571435890587,3.1077808800393854,1.5893051624298096
MVDO,Classical,13,30,30,30,1000,30000,0.1709186297714471,0.0877371600306688,0.0579838343774514,0.143315216492405,0.453690566476644,-0.8147196931559927,0.1709186297714471,0.0877371600306688,0.0579838343774514,0.143315216492405,0.453690566476644,1.5886788368225098
MVDO,Classical,1,100,30,30,1000,30000,177.3602229235542,25.547754096380206,115.9133931882082,175.27581908713472,230.8345825398199,2.2441456946003764,177.3602229235542,25.547754096380206,115.9133931882082,175.27581908713472,230.8345825398199,1.359225511550903
MVDO,Classical,2,100,30,30,1000,30000,5.4640728374084525e+82,2.862539268548348e+83,3.908948571427964e+54,4.242227768542079e+69,1.595909219987048e+84,69.86095488688746,5.4640728374084525e+82,2.862539268548348e+83,3.908948571427964e+54,4.242227768542079e+69,1.595909219987048e+84,1.3809938430786133
MVDO,Classical,3,100,30,30,1000,30000,39502.29616940902,9991.721042504738,23886.35781420702,39128.22568089793,60674.84779806552,4.582537170823559,39502.29616940902,9991.721042504738,23886.35781420702,39128.22568089793,60674.84779806552,1.3772859573364258
MVDO,Classical,4,100,30,30,1000,30000,19.78777119404812,2.391345809995022,15.348795563943288,19.50844516515414,26.032294570638964,1.293217925012517,19.78777119404812,2.391345809995022,15.348795563943288,19.50844516515414,26.032294570638964,1.374875783920288
MVDO,Classical,5,100,30,30,1000,30000,314718.215670792,162461.38070344154,102247.31673230688,281899.55746517435,791303.6575181874,5.442732861231949,314718.215670792,162461.38070344154,102247.31673230688,281899.55746517435,791303.6575181874,1.4137582778930664
MVDO,Classical,6,100,30,30,1000,30000,347.6,79.87890835508458,215.0,330.0,622.0,2.530764766756448,347.6,79.87890835508458,215.0,330.0,622.0,1.3828620910644531
MVDO,Classical,7,100,30,30,1000,30000,144681.43134917732,55565.93369394346,73271.11443438847,126695.39206939012,309053.666296626,5.130861432792012,144681.43134917732,55565.93369394346,73271.11443438847,126695.39206939012,309053.666296626,1.380061388015747
MVDO,Classical,8,100,30,30,1000,30000,17145.447553566522,1429.4786066990664,14346.996525699184,17145.342936528687,20964.62242107508,4.23265866809638,-24752.84244643348,1429.4786066990664,-27551.293474300808,-24752.947063471307,-20933.667578924917,1.393263578414917
MVDO,Classical,9,100,30,30,1000,30000,300.62948006120365,48.634260078570975,216.6736179287262,290.62852226338225,422.35308513662216,2.472486467498726,300.62948006120365,48.634260078570975,216.6736179287262,290.62852226338225,422.35308513662216,1.3847432136535645
MVDO,Classical,10,100,30,30,1000,30000,4.998306971067192,0.557710150026056,4.140668756194245,5.031763757446296,6.218549644940921,0.6961630347120402,4.998306971067192,0.557710150026056,4.140668756194245,5.031763757446296,6.218549644940921,1.453718900680542
MVDO,Classical,11,100,30,30,1000,30000,2.610054226697992,0.2477928238421725,1.9832197602880708,2.5909501837201097,3.141236363024998,0.4146416689135389,2.610054226697992,0.2477928238421725,1.9832197602880708,2.5909501837201097,3.141236363024998,1.4253973960876465
MVDO,Classical,12,100,30,30,1000,30000,15.08571712409036,3.259869774775189,9.970625492040584,14.491160612291257,23.734821011992544,1.1686922247562856,15.08571712409036,3.259869774775189,9.970625492040584,14.491160612291257,23.734821011992544,1.5961079597473145
MVDO,Classical,13,100,30,30,1000,30000,145.39978446032973,21.530845771697205,111.52763912279444,142.82359720345636,205.33686276497505,2.157987662917489,145.39978446032973,21.530845771697205,111.52763912279444,142.82359720345636,205.33686276497505,1.5982599258422852
MVDO,Classical,14,2,30,30,1000,30000,8.578908546515624e-10,1.1688113821144767e-09,1.5851764345597985e-12,5.167748451384567e-10,6.075763114843369e-09,-9.36247028899728,0.99800383865234,1.1688113821144767e-09,0.9980038377960342,0.998003838311224,0.998003843870212,1.514343500137329
MVDO,Classical,15,4,30,30,1000,30000,0.0003233019016506,0.0002261626295694,3.304597457814756e-06,0.0003958502098959,0.0010510147058723,-3.728879532788192,0.0006307879016506,0.0002261626295694,0.0003107905974578,0.0007033362098959,0.0013585007058723,1.5019655227661133
MVDO,Classical,16,2,30,30,1000,30000,3.792599119941305e-07,5.023797790023184e-07,3.429976769275811e-08,2.211396823437184e-07,2.674383223766341e-06,-6.64523547109947,-1.031628074229965,5.023797790023185e-07,-1.0316284191901093,-1.0316282323501946,-1.0316257791066532,1.4430873394012451
MVDO,Classical,17,2,30,30,1000,30000,2.80617713777076e-07,2.658149131550058e-07,4.6045052215504265e-09,1.93707054840786e-07,1.001103584030716e-06,-6.830275803970484,0.3978876383474519,2.658149131550058e-07,0.3978873623342434,0.397887551436793,0.3978883588333222,1.433593511581421
MVDO,Classical,18,2,30,30,1000,30000,2.6583478521432133e-06,3.2267428253932145e-06,2.009456956386657e-08,1.1854739825345462e-06,1.2911029144468957e-05,-5.91936581605121,3.000002658347852,3.226742825393215e-06,3.0000000200945696,3.0000011854739825,3.0000129110291445,1.6537489891052246
MVDO,Classical,19,3,30,30,1000,30000,2.208253388147341e-07,4.697183847526788e-07,4.9887201036824536e-09,7.030024673504442e-08,2.6206943939399707e-06,-7.033941775890489,-3.8627795661239976,4.697183847526788e-07,-3.862779781960616,-3.86277971664909,-3.862777166254943,1.4925835132598877
MVDO,Classical,20,6,30,30,1000,30000,0.0556632379755283,0.0595054383272147,2.128696086067805e-07,2.1770943081644845e-06,0.1195787621457316,-3.666570153678692,-3.266704773439987,0.0595054383272147,-3.3223677985459066,-3.3223658343212072,-3.202789249269784,1.4951958656311035
MVDO,Classical,21,4,30,30,1000,30000,1.6820007237108494,2.629717631251688,1.61149847297537e-05,0.0001089931360418,7.522746397095438,-2.655685917914726,-8.47119895534735,2.629717631251688,-10.153183564073473,-10.15309068592216,-2.630453281962762,1.4747068881988523
MVDO,Classical,22,4,30,30,1000,30000,1.194144667300739,2.697746691984204,1.3506785574435298e-05,8.13013907992044e-05,7.637050302596794,-3.345665439092948,-9.20879589951796,2.697746691984204,-10.402927060033123,-10.4028592654279,-2.765890264221905,1.474569320678711
MVDO,Classical,23,4,30,30,1000,30000,1.9111681932239435,3.2141992459405304,1.7002546826461185e-05,9.409018354844534e-05,8.109080564344092,-2.808768646159477,-8.625241623468058,3.2141992459405304,-10.536392814145174,-10.536315726508452,-2.427329252347908,1.475409984588623
PSO,Classical,1,30,30,30,1000,30000,0.0002661379449577,0.0002538034076099,1.4050403533346349e-05,0.0001667139601284,0.0009139774169679,-3.805522714354221,0.0002661379449577,0.0002538034076099,1.4050403533346349e-05,0.0001667139601284,0.0009139774169679,0.2111332416534423
PSO,Classical,2,30,30,30,1000,30000,116.71848328990038,96.87855570793931,0.004370434210514,100.03404396307312,300.15180039148976,1.259455562210835,116.71848328990038,96.87855570793931,0.004370434210514,100.03404396307312,300.15180039148976,0.2242560386657714
PSO,Classical,3,30,30,30,1000,30000,1661.3096675205347,1802.245537259478,319.6465939266817,887.2108981697422,5766.973626571684,3.04392322754608,1661.3096675205347,1802.245537259478,319.6465939266817,887.2108981697422,5766.973626571684,0.2164714336395263
PSO,Classical,4,30,30,30,1000,30000,5.806150939469946,1.4332245010057134,3.6832098875887,5.574108059308034,9.249103815057587,0.751547249053828,5.806150939469946,1.4332245010057134,3.6832098875887,5.574108059308034,9.249103815057587,0.214123249053955
PSO,Classical,5,30,30,30,1000,30000,33845.91280825996,179424.2293545747,20.91825343037745,133.34566397271513,1000026.6426056228,2.299424074975309,33845.91280825996,179424.2293545747,20.91825343037745,133.34566397271513,1000026.6426056228,0.2597060203552246
PSO,Classical,6,30,30,30,1000,30000,0.1666666666666666,0.3726779962499649,0.0,0.0,1.0,-9.999999999999927,0.1666666666666666,0.3726779962499649,0.0,0.0,1.0,0.2225031852722168
PSO,Classical,7,30,30,30,1000,30000,0.0116464772985166,0.0228936277272532,7.610546518009437e-05,0.0019012165108764,0.1114871715329641,-2.674020184708531,0.0116464772985166,0.0228936277272532,7.610546518009437e-05,0.0019012165108764,0.1114871715329641,0.2272937297821045
PSO,Classical,8,30,30,30,1000,30000,3339.7510179971086,476.4324729142704,2172.8983989912795,3399.8189098649,4263.8464435773385,3.519135091731694,-9229.73598200289,476.4324729142704,-10396.58860100872,-9169.6680901351,-8305.64055642266,0.2338035106658935
PSO,Classical,9,30,30,30,1000,30000,51.755774817712044,18.30744797818376,22.012447968456136,47.85700161182708,89.70563601298618,1.686769532023758,51.755774817712044,18.30744797818376,22.012447968456136,47.85700161182708,89.70563601298618,0.2376000881195068
PSO,Classical,10,30,30,30,1000,30000,0.0701440920041055,0.3256106382127463,0.0013538756507256,0.0067102489016783,1.823001746705164,-2.093381351520508,0.0701440920041055,0.3256106382127463,0.0013538756507256,0.0067102489016783,1.823001746705164,0.2869679927825928
PSO,Classical,11,30,30,30,1000,30000,0.0139449388684153,0.0147862966387138,0.0001454196673015,0.0095479876695159,0.0638598639198437,-2.2601157335820603,0.0139449388684153,0.0147862966387138,0.0001454196673015,0.0095479876695159,0.0638598639198437,0.2632598876953125
PSO,Classical,12,30,30,30,1000,30000,0.0212270941005187,0.0492456362876929,1.1315772084974813e-06,1.177503772037732e-05,0.207544331420718,-4.175946282373145,0.0212270941005187,0.0492456362876929,1.1315772084974813e-06,1.177503772037732e-05,0.207544331420718,0.4226443767547607
PSO,Classical,13,30,30,30,1000,30000,0.0065206095290852,0.0091115877416787,3.565696400214718e-05,0.0017274239998658,0.0467151580423376,-2.663956053133496,0.0065206095290852,0.0091115877416787,3.565696400214718e-05,0.0017274239998658,0.0467151580423376,0.4201135635375976
PSO,Classical,1,100,30,30,1000,30000,3127.44045830376,5091.132694226393,263.6505695734513,455.5523367194537,20233.01793665202,2.974918486818677,3127.44045830376,5091.132694226393,263.6505695734513,455.5523367194537,20233.01793665202,0.214510440826416
PSO,Classical,2,100,30,30,1000,30000,2.8811708227609374e+67,1.551557971807496e+68,1468.6633115896843,2155.7394534951886,8.643512468282812e+68,9.839183995949186,2.8811708227609374e+67,1.551557971807496e+68,1468.6633115896843,2155.7394534951886,8.643512468282812e+68,0.2258973121643066
PSO,Classical,3,100,30,30,1000,30000,116809.70046955168,30027.43058400218,72277.65936729667,108644.15250226672,188722.9315798827,5.05360758623234,116809.70046955168,30027.43058400218,72277.65936729667,108644.15250226672,188722.9315798827,0.2195487022399902
PSO,Classical,4,100,30,30,1000,30000,38.25516045476924,3.8207470319930494,29.73222536523863,38.2523738800392,46.171565819794985,1.5805174537123017,38.25516045476924,3.8207470319930494,29.73222536523863,38.2523738800392,46.171565819794985,0.218519926071167
PSO,Classical,5,100,30,30,1000,30000,9973700.21838954,4194721.149978294,2934755.0470567564,8778503.483369892,25408784.62595328,6.963560026709161,9973700.21838954,4194721.149978294,2934755.0470567564,8778503.483369892,25408784.62595328,0.2622320652008056
PSO,Classical,6,100,30,30,1000,30000,1888.3,4269.877267166666,268.0,575.5,20573.0,2.872811036816607,1888.3,4269.877267166666,268.0,575.5,20573.0,0.2297108173370361
PSO,Classical,7,100,30,30,1000,30000,275692164.45125407,452025981.37863314,1810096.136228507,58594793.38236739,1708225949.7701223,7.599729600139017,275692164.45125407,452025981.37863314,1810096.136228507,58594793.38236739,1708225949.7701223,0.2322125434875488
PSO,Classical,8,100,30,30,1000,30000,19289.328340516207,1645.4398391783614,15933.38507432109,19111.361418018336,22125.096670893006,4.283713042854869,-22608.96165948378,1645.4398391783614,-25964.904925678904,-22786.928581981658,-19773.193329106987,0.2360033988952636
PSO,Classical,9,100,30,30,1000,30000,380.12711533399073,45.74517684257594,305.1608868057731,372.792973245922,470.85041436147776,2.5767900640517936,380.12711533399073,45.74517684257594,305.1608868057731,372.792973245922,470.85041436147776,0.2404432296752929
PSO,Classical,10,100,30,30,1000,30000,6.787549519811446,2.8235325487019103,4.146448332509934,5.271164778905602,11.37517386900312,0.7986031852903054,6.787549519811446,2.8235325487019103,4.146448332509934,5.271164778905602,11.37517386900312,0.2918064594268799
PSO,Classical,11,100,30,30,1000,30000,35.01532955647388,42.37419724631421,3.2026090516390378,5.782809294020057,100.24675221659854,1.121988925152173,35.01532955647388,42.37419724631421,3.2026090516390378,5.782809294020057,100.24675221659854,0.2657017707824707
PSO,Classical,12,100,30,30,1000,30000,304.997440084501,475.2936919288565,21.104525025578216,106.03163225377412,2264.094284487024,2.130910872916422,304.997440084501,475.2936919288565,21.104525025578216,106.03163225377412,2264.094284487024,0.4263820648193359
PSO,Classical,13,100,30,30,1000,30000,26178.341362368552,18610.902767177027,3093.1307327009863,20329.84168779577,69442.60506046357,4.29254578910512,26178.341362368552,18610.902767177027,3093.1307327009863,20329.84168779577,69442.60506046357,0.4246490001678467
PSO,Classical,14,2,30,30,1000,30000,7.771561172376097e-16,0.0,7.771561172376097e-16,7.771561172376097e-16,7.771561172376097e-16,-11.999662616469566,0.9980038377944498,0.0,0.9980038377944498,0.9980038377944498,0.9980038377944498,0.3231635093688965
PSO,Classical,15,4,30,30,1000,30000,0.0015239815893302,0.0049615979268971,0.0,6.328253316131464e-05,0.0200558533480685,-6.002100595929097,0.0018314675878171,0.0049615979273618,0.0003074859879413,0.0003707685331613,0.0203633393480685,0.3267934322357178
PSO,Classical,16,2,30,30,1000,30000,0.0,0.0,0.0,0.0,0.0,-12.0,-1.0316284534898774,4.440892098500626e-16,-1.031628453489878,-1.031628453489878,-1.031628453489878,0.2866806983947754
PSO,Classical,17,2,30,30,1000,30000,0.0,0.0,0.0,0.0,0.0,-12.0,0.3978873577297381,0.0,0.3978873577297381,0.3978873577297381,0.3978873577297381,0.2721865177154541
PSO,Classical,18,2,30,30,1000,30000,0.0,0.0,0.0,0.0,0.0,-12.0,2.999999999999921,1.696862488257871e-15,2.99999999999992,2.999999999999922,2.999999999999926,0.4078073501586914
PSO,Classical,19,3,30,30,1000,30000,0.0,0.0,0.0,0.0,0.0,-12.0,-3.862779787332664,9.244454088746557e-16,-3.8627797873326633,-3.8627797873326633,-3.862779787332663,0.3009216785430908
PSO,Classical,20,6,30,30,1000,30000,0.0546147222576352,0.0691738537276033,0.0,0.0,0.1846888964420889,-7.54910011955345,-3.26775328915788,0.0691738537276033,-3.322368011415515,-3.322368011415515,-3.137679114973426,0.3076217174530029
PSO,Classical,21,4,30,30,1000,30000,2.8409197517932467,3.340544487282457,0.0,0.0,7.522728010647306,-6.449425730486036,-7.312279927264967,3.3405444872824703,-10.153199679058227,-10.153199679058227,-2.630471668410894,0.2905797958374023
PSO,Classical,22,4,30,30,1000,30000,2.0261072345938955,3.1507232870463016,3.5527136788005016e-14,3.5527136788005016e-14,7.651007002917464,-8.142185813102659,-8.376833332224805,3.150723287046302,-10.402940566818664,-10.402940566818664,-2.7519335639012352,0.2916886806488037
PSO,Classical,23,4,30,30,1000,30000,2.736600463970813,3.646036999705093,0.0,0.0,8.114675789432152,-7.28155776115014,-7.799809352721216,3.6460369997051134,-10.536409816692046,-10.536409816692046,-2.4217340272598484,0.2916371822357178
GWO,Classical,1,30,30,30,1000,30000,9.653820176495344e-72,1.528994493350643e-71,2.1092753328214488e-74,2.164315412341941e-72,7.11591166569526e-71,-12.0,9.653820176495344e-72,1.528994493350643e-71,2.1092753328214488e-74,2.164315412341941e-72,7.11591166569526e-71,0.6477532386779785
GWO,Classical,2,30,30,30,1000,30000,5.490701947911006e-41,1.1546657545675632e-40,2.498783377754364e-43,1.75357549897962e-41,6.228726045220409e-40,-12.0,5.490701947911006e-41,1.1546657545675632e-40,2.498783377754364e-43,1.75357549897962e-41,6.228726045220409e-40,0.6621510982513428
GWO,Classical,3,30,30,30,1000,30000,1.0467097229998731e-19,5.128688212926476e-19,7.508552541817391e-27,1.287257925845967e-22,2.85976611408607e-18,-11.999999954542034,1.0467097229998731e-19,5.128688212926476e-19,7.508552541817391e-27,1.287257925845967e-22,2.85976611408607e-18,0.6546578407287598
GWO,Classical,4,30,30,30,1000,30000,5.163032458840073e-15,1.3417444757033958e-14,6.9118799674276735e-18,6.55014963004732e-16,7.157671995656969e-14,-11.997800832689292,5.163032458840073e-15,1.3417444757033958e-14,6.9118799674276735e-18,6.55014963004732e-16,7.157671995656969e-14,0.6508345603942871
GWO,Classical,5,30,30,30,1000,30000,27.02491348486203,0.8036693825704372,26.013021489624283,27.117599188960767,28.56033765889828,1.4315733883728805,27.02491348486203,0.8036693825704372,26.013021489624283,27.117599188960767,28.56033765889828,0.6932375431060791
GWO,Classical,6,30,30,30,1000,30000,0.0,0.0,0.0,0.0,0.0,-12.0,0.0,0.0,0.0,0.0,0.0,0.6390032768249512
GWO,Classical,7,30,30,30,1000,30000,9.189779655647236e-115,4.0946159421052155e-114,8.515792463874538e-122,3.555068836364702e-118,2.2552018760243844e-113,-12.0,9.189779655647236e-115,4.0946159421052155e-114,8.515792463874538e-122,3.555068836364702e-118,2.2552018760243844e-113,0.6668105125427246
GWO,Classical,8,30,30,30,1000,30000,6749.479246083536,698.826069839573,4633.837764274083,6691.481206846607,8077.693353797362,3.826794111072402,-5820.007753916461,698.8260698395729,-7935.649235725916,-5878.005793153392,-4491.793646202637,0.6600146293640137
GWO,Classical,9,30,30,30,1000,30000,2.190984617117512,3.582451861518472,0.0,0.0,12.251826015082214,-7.745333049310056,2.190984617117512,3.582451861518472,0.0,0.0,12.251826015082214,0.6686885356903076
GWO,Classical,10,30,30,30,1000,30000,8.260059303211165e-15,2.131628207280301e-15,7.549516567451064e-15,7.549516567451064e-15,1.4654943925052066e-14,-11.996428403340222,8.260059303211165e-15,2.131628207280301e-15,7.549516567451064e-15,7.549516567451064e-15,1.4654943925052066e-14,0.7054030895233154
GWO,Classical,11,30,30,30,1000,30000,0.0088102546109002,0.0126551447629798,0.0,0.0,0.0501896345382211,-7.559457661824502,0.0088102546109002,0.0126551447629798,0.0,0.0,0.0501896345382211,0.6893012523651123
GWO,Classical,12,30,30,30,1000,30000,0.1036185639828336,0.1065083593401265,0.0269199727056629,0.0801612785847726,0.6170856103092538,-1.103331578379222,0.1036185639828336,0.1065083593401265,0.0269199727056629,0.0801612785847726,0.6170856103092538,0.8638732433319092
GWO,Classical,13,30,30,30,1000,30000,1.103097163305452,0.2730159385816964,0.5057696219512636,1.1603981315428689,1.6600467567039343,0.0272235533228553,1.103097163305452,0.2730159385816964,0.5057696219512636,1.1603981315428689,1.6600467567039343,0.8575968742370605
GWO,Classical,1,100,30,30,1000,30000,8.00350020620137e-37,6.816410796152979e-37,1.002782887672679e-37,6.6091103177279545e-37,2.326563550833165e-36,-12.0,8.00350020620137e-37,6.816410796152979e-37,1.002782887672679e-37,6.6091103177279545e-37,2.326563550833165e-36,0.649836540222168
GWO,Classical,2,100,30,30,1000,30000,1.57026745355218e-21,1.1021736473704326e-21,3.865781699267827e-22,1.1402132855854332e-21,4.142215854372068e-21,-11.99999999931804,1.57026745355218e-21,1.1021736473704326e-21,3.865781699267827e-22,1.1402132855854332e-21,4.142215854372068e-21,0.6665809154510498
GWO,Classical,3,100,30,30,1000,30000,14.179582086768068,30.63258533314437,0.0040602480142973,0.5741519090995649,145.566087156862,-0.1622870171775496,14.179582086768068,30.63258533314437,0.0040602480142973,0.5741519090995649,145.566087156862,0.6580958366394043
GWO,Classical,4,100,30,30,1000,30000,0.0643553096011299,0.1157576418004011,0.0002555688446025,0.0178324512933731,0.5152769935847085,-1.7727102929913188,0.0643553096011299,0.1157576418004011,0.0002555688446025,0.0178324512933731,0.5152769935847085,0.6518223285675049
GWO,Classical,5,100,30,30,1000,30000,97.7942814780694,0.7479652759391474,96.09538168006078,97.8449159355908,98.5318017547664,1.9903006994113104,97.7942814780694,0.7479652759391474,96.09538168006078,97.8449159355908,98.5318017547664,0.7030611038208008
GWO,Classical,6,100,30,30,1000,30000,0.0,0.0,0.0,0.0,0.0,-12.0,0.0,0.0,0.0,0.0,0.0,0.6440844535827637
GWO,Classical,7,100,30,30,1000,30000,1.3104898067525969e-55,3.266565067511511e-55,8.134797970286182e-60,6.188490158702327e-57,1.5117041739749407e-54,-12.0,1.3104898067525969e-55,3.266565067511511e-55,8.134797970286182e-60,6.188490158702327e-57,1.5117041739749407e-54,0.6715989112854004
GWO,Classical,8,100,30,30,1000,30000,25983.104905123942,1589.22414071829,22773.019747043105,26019.160423114867,29239.78081831828,4.4138764885451565,-15915.185094876048,1589.22414071829,-19125.27025295689,-15879.129576885129,-12658.509181681717,0.6662166118621826
GWO,Classical,9,100,30,30,1000,30000,4.304343576996655,6.5517789433320255,0.0,7.993605777301127e-15,26.845898996577382,-5.999223997985768,4.304343576996655,6.5517789433320255,0.0,7.993605777301127e-15,26.845898996577382,0.6809437274932861
GWO,Classical,10,100,30,30,1000,30000,3.751073525866862e-14,4.368858873651199e-15,2.886579864025407e-14,3.952393967665557e-14,4.307665335545608e-14,-11.984011257246038,3.751073525866862e-14,4.368858873651199e-15,2.886579864025407e-14,3.952393967665557e-14,4.307665335545608e-14,0.7178595066070557
GWO,Classical,11,100,30,30,1000,30000,0.0028668126636432,0.0119667807608346,0.0,0.0,0.0658785950149298,-10.972538499576178,0.0028668126636432,0.0119667807608346,0.0,0.0,0.0658785950149298,0.6901485919952393
GWO,Classical,12,100,30,30,1000,30000,0.3728687640744308,0.0761383450021447,0.2384279392356252,0.3673932725427666,0.5665926519873294,-0.437115221668492,0.3728687640744308,0.0761383450021447,0.2384279392356252,0.3673932725427666,0.5665926519873294,0.8737406730651855
GWO,Classical,13,100,30,30,1000,30000,7.301925196505528,0.3699811171061435,6.472895638333004,7.361750259440247,8.06265090203885,0.8628749239982219,7.301925196505528,0.3699811171061435,6.472895638333004,7.361750259440247,8.06265090203885,0.8688914775848389
GWO,Classical,14,2,30,30,1000,30000,5.536337150648238,4.687928921541735,7.616129948928574e-13,1.9841013190349115,11.672501973341465,-1.6717730313158117,6.534340988442689,4.687928921541735,0.9980038377952106,2.982105156829361,12.670505811135914,0.7572567462921143
GWO,Classical,15,4,30,30,1000,30000,0.0034036992589604,0.0074505217328361,7.177892386370233e-10,1.3370298702225242e-08,0.020055853584961,-6.723961411593906,0.0037111852589604,0.0074505217328361,0.0003074867177892,0.0003074993702987,0.020363339584961,0.7592709064483643
GWO,Classical,16,2,30,30,1000,30000,2.206410594970028e-09,2.3238260408600267e-09,9.963740943419451e-11,1.1387683018782011e-09,9.099976550075441e-09,-8.938262134955599,-1.0316284512834664,2.3238260408600267e-09,-1.0316284533902396,-1.0316284523511086,-1.0316284443899004,0.714350700378418
GWO,Classical,17,2,30,30,1000,30000,1.1427452524988743e-07,1.878226173142641e-07,2.630056172847617e-10,4.5737050591299067e-08,8.018892305727832e-07,-7.465206448132448,0.3978874720042634,1.8782261731426406e-07,0.3978873579927438,0.3978874034667887,0.3978881596189687,0.6985323429107666
GWO,Classical,18,2,30,30,1000,30000,7.098242635287614e-06,5.433538838770573e-06,1.4121228542052222e-07,5.390842807484475e-06,2.3689544076610503e-05,-5.343007958980397,3.0000070982426355,5.433538838770573e-06,3.0000001412122854,3.000005390842808,3.0000236895440766,0.838475227355957
GWO,Classical,19,3,30,30,1000,30000,0.0017377321911255,0.0030542956387231,6.672701999832498e-07,2.207158373646045e-05,0.0078780070982782,-4.192826451328139,-3.86104205475821,0.0030542956387231,-3.862779119679137,-3.8627577153656,-3.8549017798510574,0.7395977973937988
GWO,Classical,20,6,30,30,1000,30000,0.0673764002577211,0.0885568099207346,3.581683243325529e-07,3.187552055861076e-06,0.2454697254258175,-3.809359113415084,-3.254991611157793,0.0885568099207346,-3.322367653247191,-3.3223648238634595,-3.0768982859896976,0.7460315227508545
GWO,Classical,21,4,30,30,1000,30000,1.7663596697456347,2.532617231063357,1.1463895944530124e-05,0.0001043982994977,7.470355067710241,-2.5943894677999704,-8.386840009312566,2.532617231063357,-10.153188215162256,-10.153095280758702,-2.68284461134796,0.723701000213623
GWO,Classical,22,4,30,30,1000,30000,0.175913214571972,0.9467254370932044,1.4318106217103832e-05,8.584232024233529e-05,5.274185698649863,-3.9223120784364367,-10.227027352246727,0.9467254370932044,-10.402926248712484,-10.402854724498455,-5.128754868168837,0.7256186008453369
GWO,Classical,23,4,30,30,1000,30000,0.2705884524365182,1.4566110355143984,6.1301640368327526e-06,8.596204866506696e-05,8.114678925388926,-3.990606398623224,-10.26582136425548,1.4566110355143984,-10.536403686527963,-10.536323854643337,-2.4217308913030746,0.7253425121307373
WOA,Classical,1,30,30,30,1000,30000,3.803717399227949e-165,0.0,1.6603025412199931e-189,9.017182725959806e-175,1.1341220932400779e-163,-12.0,3.803717399227949e-165,0.0,1.6603025412199931e-189,9.017182725959806e-175,1.1341220932400779e-163,0.3399362564086914
WOA,Classical,2,30,30,30,1000,30000,1.410086489522378e-106,7.592109389204553e-106,4.5476515359284023e-119,2.7856474475060646e-113,4.229484618833151e-105,-12.0,1.410086489522378e-106,7.592109389204553e-106,4.5476515359284023e-119,2.7856474475060646e-113,4.229484618833151e-105,0.3513541221618652
WOA,Classical,3,30,30,30,1000,30000,141.48138357394265,652.7115403127625,4.9603885220253696e-21,0.0026179845718709,3618.839633274256,-3.6457770500597206,141.48138357394265,652.7115403127625,4.9603885220253696e-21,0.0026179845718709,3618.839633274256,0.3440086841583252
WOA,Classical,4,30,30,30,1000,30000,7.436058592405928e-22,3.759806298872438e-21,1.805435780708397e-36,7.725653663327541e-26,2.09803415931911e-20,-11.999999999677057,7.436058592405928e-22,3.759806298872438e-21,1.805435780708397e-36,7.725653663327541e-26,2.09803415931911e-20,0.3358237743377685
WOA,Classical,5,30,30,30,1000,30000,4.967828993068781,10.232110461229803,0.0009754368251632,0.3848536392961558,28.73061534445265,-0.4124000258680074,4.967828993068781,10.232110461229803,0.0009754368251632,0.3848536392961558,28.73061534445265,0.3746881484985351
WOA,Classical,6,30,30,30,1000,30000,0.0,0.0,0.0,0.0,0.0,-12.0,0.0,0.0,0.0,0.0,0.0,0.3294019699096679
WOA,Classical,7,30,30,30,1000,30000,6.927846980299474e-268,0.0,9.996849964090802e-308,2.9122135047766085e-278,1.991772656991483e-266,-12.0,6.927846980299474e-268,0.0,9.996849964090802e-308,2.9122135047766085e-278,1.991772656991483e-266,0.3546662330627441
WOA,Classical,8,30,30,30,1000,30000,50.53162565806057,160.26136251333278,0.0003818300974671,0.1811709658468316,833.4884163659972,-0.7478211196044965,-12518.955374341933,160.26136251333278,-12569.486618169902,-12569.305829034152,-11735.998583634002,0.3608982563018799
WOA,Classical,9,30,30,30,1000,30000,0.0,0.0,0.0,0.0,0.0,-12.0,0.0,0.0,0.0,0.0,0.0,0.3469939231872558
WOA,Classical,10,30,30,30,1000,30000,1.0362081563168128e-15,1.324018215065212e-15,4.440892098500626e-16,4.440892098500626e-16,3.996802888650564e-15,-11.999550592790497,1.0362081563168128e-15,1.324018215065212e-15,4.440892098500626e-16,4.440892098500626e-16,3.996802888650564e-15,0.3956186771392822
WOA,Classical,11,30,30,30,1000,30000,0.0,0.0,0.0,0.0,0.0,-12.0,0.0,0.0,0.0,0.0,0.0,0.3705742359161377
WOA,Classical,12,30,30,30,1000,30000,0.0008200057016992,0.0010638686214972,3.735394986677786e-05,0.0005072149764456,0.005027495857811,-3.374253350876151,0.0008200057016992,0.0010638686214972,3.735394986677786e-05,0.0005072149764456,0.005027495857811,0.539539098739624
WOA,Classical,13,30,30,30,1000,30000,0.0075609527263884,0.0100427576903558,5.369821137195651e-05,0.003708300423458,0.0503859267774133,-2.4162131903409105,0.0075609527263884,0.0100427576903558,5.369821137195651e-05,0.003708300423458,0.0503859267774133,0.5378396511077881
WOA,Classical,1,100,30,30,1000,30000,2.5957944092752464e-152,1.3978780698890488e-151,4.48483925199205e-184,3.162001884252147e-171,7.787383227559138e-151,-12.0,2.5957944092752464e-152,1.3978780698890488e-151,4.48483925199205e-184,3.162001884252147e-171,7.787383227559138e-151,0.3391008377075195
WOA,Classical,2,100,30,30,1000,30000,9.9896416806958e-108,4.911555544180886e-107,1.566781279172477e-118,3.679894272051215e-112,2.7412798798356417e-106,-12.0,9.9896416806958e-108,4.911555544180886e-107,1.566781279172477e-118,3.679894272051215e-112,2.7412798798356417e-106,0.3536622524261474
WOA,Classical,3,100,30,30,1000,30000,45468.80412580399,125104.70597233532,5.929812933532002e-13,1427.7026327476754,576378.0125202884,2.2410089022577653,45468.80412580399,125104.70597233532,5.929812933532002e-13,1427.7026327476754,576378.0125202884,0.3448166847229004
WOA,Classical,4,100,30,30,1000,30000,9.860889251475793e-19,5.208042714505356e-18,1.7972782057967295e-30,1.9569118191039927e-24,2.9028712569818163e-17,-11.999999571753124,9.860889251475793e-19,5.208042714505356e-18,1.7972782057967295e-30,1.9569118191039927e-24,2.9028712569818163e-17,0.3389959335327148
WOA,Classical,5,100,30,30,1000,30000,12.11057611016465,28.981990495960584,0.0106944180461243,0.8259425529223867,98.10568894640949,-0.0336757472655682,12.11057611016465,28.981990495960584,0.0106944180461243,0.8259425529223867,98.10568894640949,0.3770661354064941
WOA,Classical,6,100,30,30,1000,30000,0.0,0.0,0.0,0.0,0.0,-12.0,0.0,0.0,0.0,0.0,0.0,0.3320159912109375
WOA,Classical,7,100,30,30,1000,30000,8.963462870932575e-261,0.0,1.156579388227e-312,4.981987266360212e-276,2.688679897954431e-259,-12.0,8.963462870932575e-261,0.0,1.156579388227e-312,4.981987266360212e-276,2.688679897954431e-259,0.3574841022491455
WOA,Classical,8,100,30,30,1000,30000,480.825743888263,1519.6563694551835,0.0012727566208923,3.048868134865188,8387.585037605255,0.7758023852991601,-41417.464256111736,1519.6563694551833,-41898.28872724337,-41895.24113186513,-33510.70496239474,0.3618590831756592
WOA,Classical,9,100,30,30,1000,30000,0.0,0.0,0.0,0.0,0.0,-12.0,0.0,0.0,0.0,0.0,0.0,0.349665880203247
WOA,Classical,10,100,30,30,1000,30000,1.6283271027835629e-15,1.6747652892626932e-15,4.440892098500626e-16,4.440892098500626e-16,3.996802888650564e-15,-11.999294008262238,1.6283271027835629e-15,1.6747652892626932e-15,4.440892098500626e-16,4.440892098500626e-16,3.996802888650564e-15,0.3994150161743164
WOA,Classical,11,100,30,30,1000,30000,0.0,0.0,0.0,0.0,0.0,-12.0,0.0,0.0,0.0,0.0,0.0,0.3736076354980469
WOA,Classical,12,100,30,30,1000,30000,0.0005995866429677,0.0006842694845224,2.417750667606068e-05,0.0003136397457029,0.0028913617482726,-3.500043842490352,0.0005995866429677,0.0006842694845224,2.417750667606068e-05,0.0003136397457029,0.0028913617482726,0.5425713062286377
WOA,Classical,13,100,30,30,1000,30000,0.0258287777001095,0.0407489280714672,0.0004435223201746,0.0082630318023389,0.1902703990857311,-2.02223780651989,0.0258287777001095,0.0407489280714672,0.0004435223201746,0.0082630318023389,0.1902703990857311,0.5419704914093018
WOA,Classical,14,2,30,30,1000,30000,2.7410649165195164,3.996809755206422,1.869615573468764e-13,0.5002487218142255,9.76517685825749,-3.479828306385596,3.739068754313964,3.996809755206422,0.998003837794636,1.4982525596086744,10.76318069605194,0.4528510570526123
WOA,Classical,15,4,30,30,1000,30000,0.0002822026202665,0.0004509723601123,3.5432817541476854e-06,8.59087666517794e-05,0.001944463318339,-4.026018137981493,0.0005896886202665,0.0004509723601123,0.0003110292817541,0.0003933947666517,0.002251949318339,0.4544739723205566
WOA,Classical,16,2,30,30,1000,30000,2.5946430189568062e-11,5.991857672621596e-11,1.7763568394002505e-15,3.0746516443969085e-12,2.9559310554816415e-10,-11.192669864173666,-1.0316284534639306,5.991857672626167e-11,-1.0316284534898752,-1.0316284534868023,-1.031628453194284,0.4156537055969238
WOA,Classical,17,2,30,30,1000,30000,5.423076712851582e-06,1.3409918690494582e-05,2.575717417130363e-13,6.880018519339615e-07,6.315411964230577e-05,-7.388431719615372,0.397892780806451,1.3409918690494583e-05,0.3978873577299957,0.3978880457315901,0.3979505118493804,0.4084260463714599
WOA,Classical,18,2,30,30,1000,30000,2.710827767834361,8.132563711077967,1.5843593104136744e-10,1.068845942642227e-06,27.303552468378165,-5.155460196342182,5.7108277678343615,8.132563711077967,3.000000000158436,3.0000010688459424,30.303552468378165,0.5295655727386475
WOA,Classical,19,3,30,30,1000,30000,0.0432994500963433,0.0572399873284513,4.273506015728401e-07,0.0150458196351734,0.2639201122203474,-2.133170687996231,-3.819480336852993,0.0572399873284513,-3.862779359598735,-3.847733967314163,-3.598859674728989,0.4417541027069092
WOA,Classical,20,6,30,30,1000,30000,0.26063057365708,0.1250405280179262,0.042408035666587,0.2497426061486996,0.601682371402338,-0.645525142242396,-3.061737437758435,0.1250405280179262,-3.279959975748928,-3.072625405266816,-2.720685640013177,0.4440641403198242
WOA,Classical,21,4,30,30,1000,30000,0.4985069834759995,1.348748144440015,0.0001295270154937,0.0679885883827262,5.562920210723572,-1.2345000383455658,-9.654692695582202,1.348748144440015,-10.153070152042709,-10.085211090675475,-4.590279468334629,0.4193253517150879
WOA,Classical,22,4,30,30,1000,30000,1.0909035654777453,2.049980432535355,0.0010031508442605,0.1935025259573493,8.149406321487682,-0.7730114573291315,-9.312037001340952,2.0499804325353552,-10.40193741597444,-10.20943804086135,-2.253534245331017,0.4210820198059082
WOA,Classical,23,4,30,30,1000,30000,1.3413063344320717,2.4132249966836894,0.0064246456370522,0.119039329423833,7.001050695153531,-0.7731555257112799,-9.195103482259931,2.413224996683689,-10.529985171054948,-10.417370487268167,-3.5353591215384688,0.4187517166137695
SCA,Classical,1,30,30,30,1000,30000,0.0104298502829253,0.0223899037703913,4.09806287398454e-06,0.0008334133476591,0.1028942660045659,-3.0685963591447862,0.0104298502829253,0.0223899037703913,4.09806287398454e-06,0.0008334133476591,0.1028942660045659,0.5777530670166016
SCA,Classical,2,30,30,30,1000,30000,5.138417514941117e-05,8.497949764132715e-05,1.744555781750072e-07,7.636767080647753e-06,0.0003847967090709,-4.965991022405927,5.138417514941117e-05,8.497949764132715e-05,1.744555781750072e-07,7.636767080647753e-06,0.0003847967090709,0.595306396484375
SCA,Classical,3,30,30,30,1000,30000,4846.768401499625,5370.066892656265,123.50387264499652,2646.679121733433,19608.59551765061,3.3830025046576506,4846.768401499625,5370.066892656265,123.50387264499652,2646.679121733433,19608.59551765061,0.5779683589935303
SCA,Classical,4,30,30,30,1000,30000,27.04363549832497,11.590059725101716,5.368999893853361,25.57124556675283,58.37512268095532,1.3856513324980009,27.04363549832497,11.590059725101716,5.368999893853361,25.57124556675283,58.37512268095532,0.5679476261138916
SCA,Classical,5,30,30,30,1000,30000,98913.89758349273,311368.1822491541,28.94583226956245,377.2661980517706,1491641.061967973,2.8999084374698683,98913.89758349273,311368.1822491541,28.94583226956245,377.2661980517706,1491641.061967973,0.6234407424926758
SCA,Classical,6,30,30,30,1000,30000,0.3333333333333333,1.192569587999888,0.0,0.0,6.0,-10.758157583163202,0.3333333333333333,1.192569587999888,0.0,0.0,6.0,0.5864322185516357
SCA,Classical,7,30,30,30,1000,30000,11220.348426581137,45985.297649247,0.0033597650410858,42.145942150602345,254553.582804951,1.5788877689969305,11220.348426581137,45985.297649247,0.0033597650410858,42.145942150602345,254553.582804951,0.5909638404846191
SCA,Classical,8,30,30,30,1000,30000,8617.899000130217,289.62332089344085,7905.404658093797,8627.729946313426,9311.313103086231,3.9351540466849553,-3951.5879998697824,289.6233208934411,-4664.082341906203,-3941.757053686574,-3258.1738969137677,0.5837624073028564
SCA,Classical,9,30,30,30,1000,30000,15.184487393884297,20.768578361735237,0.0001655454669435,8.517519024097034,77.16882510521997,0.3306613112393671,15.184487393884297,20.768578361735237,0.0001655454669435,8.517519024097034,77.16882510521997,0.6052985191345215
SCA,Classical,10,30,30,30,1000,30000,13.788001094013351,8.721687996549388,0.004897296384954,20.14913038466979,20.33266512826265,0.491753690236921,13.788001094013351,8.721687996549388,0.004897296384954,20.14913038466979,20.33266512826265,0.6519365310668945
SCA,Classical,11,30,30,30,1000,30000,0.2491515713790336,0.2917321258809202,0.0001768430872043,0.0638744108140307,0.8787924189209296,-1.4358155069176155,0.2491515713790336,0.2917321258809202,0.0001768430872043,0.0638744108140307,0.8787924189209296,0.6301989555358887
SCA,Classical,12,30,30,30,1000,30000,12.902163746887677,52.63580110701696,0.5237696216532972,1.5430046674210294,295.3414131465917,0.3358931934408745,12.902163746887677,52.63580110701696,0.5237696216532972,1.5430046674210294,295.3414131465917,0.7907726764678955
SCA,Classical,13,30,30,30,1000,30000,101.44807712123836,322.7616441456572,1.9520174611769552,3.479952271022504,1387.3029747095695,0.8254993273804542,101.44807712123836,322.7616441456572,1.9520174611769552,3.479952271022504,1387.3029747095695,0.7889447212219238
SCA,Classical,1,100,30,30,1000,30000,6410.168569309422,5811.561705861112,366.7358853969576,4608.247145961181,23553.43406271601,3.615374516085369,6410.168569309422,5811.561705861112,366.7358853969576,4608.247145961181,23553.43406271601,0.5693442821502686
SCA,Classical,2,100,30,30,1000,30000,15.537225570826726,21.9065699968809,0.3991051117528212,8.98512607530244,113.96259158414291,0.8867978284463375,15.537225570826726,21.9065699968809,0.3991051117528212,8.98512607530244,113.96259158414291,0.5904500484466553
SCA,Classical,3,100,30,30,1000,30000,202589.85546819755,47128.67787966935,120272.1097085582,197387.4736655234,301545.5453353466,5.294897529236667,202589.85546819755,47128.67787966935,120272.1097085582,197387.4736655234,301545.5453353466,0.5730035305023193
SCA,Classical,4,100,30,30,1000,30000,86.49403803413658,2.5071079109407424,80.46676892434404,86.73029648973923,91.0478453756411,1.936802432690012,86.49403803413658,2.5071079109407424,80.46676892434404,86.73029648973923,91.0478453756411,0.5597951412200928
SCA,Classical,5,100,30,30,1000,30000,10254864599.126944,4920666789.877669,1227538804.420431,9256747791.829422,22644695926.9625,9.941044510938488,10254864599.126944,4920666789.877669,1227538804.420431,9256747791.829422,22644695926.9625,0.6147823333740234
SCA,Classical,6,100,30,30,1000,30000,7588.633333333333,5740.91576018631,219.0,4543.0,22432.0,3.729843348965646,7588.633333333333,5740.91576018631,219.0,4543.0,22432.0,0.5841050148010254
SCA,Classical,7,100,30,30,1000,30000,2797808778.743013,1335072833.7138827,347324851.0498309,2683363447.1006823,5223563452.343527,9.375733119070103,2797808778.743013,1335072833.7138827,347324851.0498309,2683363447.1006823,5223563452.343527,0.5829708576202393
SCA,Classical,8,100,30,30,1000,30000,34741.96683117611,500.7120757717708,33281.811910759265,34734.934079321334,35683.69138434605,4.540809060929494,-7156.323168823873,500.7120757717704,-8616.478089240725,-7163.35592067866,-6214.598615653941,0.579932451248169
SCA,Classical,9,100,30,30,1000,30000,212.0339121695652,121.70081433164393,10.234065945563744,209.9210980775549,462.670972391318,2.214708972719582,212.0339121695652,121.70081433164393,10.234065945563744,209.9210980775549,462.670972391318,0.598487138748169
SCA,Classical,10,100,30,30,1000,30000,19.08317719595049,4.5572173196312535,2.7314480249811948,20.58182651497598,20.6561189772609,1.2529171944465094,19.08317719595049,4.5572173196312535,2.7314480249811948,20.58182651497598,20.6561189772609,0.6389584541320801
SCA,Classical,11,100,30,30,1000,30000,75.38641352984324,71.50248697150066,2.8391487394002297,47.08019559147631,247.1269918953567,1.6541943226490077,75.38641352984324,71.50248697150066,2.8391487394002297,47.08019559147631,247.1269918953567,0.6230258941650391
SCA,Classical,12,100,30,30,1000,30000,224730730.55719212,114405779.37869942,21272844.612781044,227267765.25005957,429626460.5247622,8.26169884170092,224730730.55719212,114405779.37869942,21272844.612781044,227267765.25005957,429626460.5247622,0.7803823947906494
SCA,Classical,13,100,30,30,1000,30000,444817845.3197192,187211123.35652205,108085486.75712174,440876679.8244246,834197619.4091665,8.602372032891424,444817845.3197192,187211123.35652205,108085486.75712174,440876679.8244246,834197619.4091665,0.7822647094726562
SCA,Classical,14,2,30,30,1000,30000,0.6562685004252986,1.845005154010068,2.5237850920234454e-08,3.244610902430889e-05,9.765176829785954,-4.212767326818597,1.6542723382197475,1.845005154010068,0.9980038630323,0.9980362839034732,10.763180667580404,0.6905806064605713
SCA,Classical,15,4,30,30,1000,30000,0.0007856952084986,0.0003458168768999,0.0001567944969426,0.0009485945963417,0.0012145311970755,-3.1629718000010616,0.0010931812084986,0.0003458168768999,0.0004642804969426,0.0012560805963417,0.0015220171970755,0.6824674606323242
SCA,Classical,16,2,30,30,1000,30000,2.201708300753058e-05,1.8183646600968557e-05,1.949631002862162e-06,1.9671092879258723e-05,7.277784092352135e-05,-4.810127711388074,-1.031606436406869,1.8183646600968557e-05,-1.031626503858874,-1.0316087823969975,-1.0315556756489537,0.6463215351104736
SCA,Classical,17,2,30,30,1000,30000,0.0013073843997187,0.0015111522205771,6.851010796538048e-05,0.0006462603727426,0.0064314267732417,-3.1454643249140903,0.3991947421294569,0.0015111522205771,0.3979558678377035,0.3985336181024808,0.4043187845029798,0.6312601566314697
SCA,Classical,18,2,30,30,1000,30000,1.24210028927448e-05,1.8834063452931284e-05,1.1498035901169601e-07,5.4804378772921325e-06,9.599865517628814e-05,-5.305374866054217,3.0000124210028933,1.8834063452931284e-05,3.000000114980359,3.0000054804378773,3.0000959986551763,0.7675225734710693
SCA,Classical,19,3,30,30,1000,30000,0.0074727548545098,0.0027851022641564,0.001008704103977,0.0082853265340967,0.0113694343571522,-2.193909405942435,-3.8553070320948266,0.0027851022641564,-3.86177108284536,-3.85449446041524,-3.851410352592184,0.6698451042175293
SCA,Classical,20,6,30,30,1000,30000,0.4586555982175334,0.5412472007682109,0.150042015858137,0.3109114064766731,2.168107775438115,-0.475270186816027,-2.863712413197982,0.5412472007682109,-3.172325995557378,-3.011456604938842,-1.1542602359774,0.6736071109771729
SCA,Classical,21,4,30,30,1000,30000,7.531498953139195,2.0084102515955413,4.993772618219354,8.625806742847598,9.6566854621473,0.8603237818689627,-2.621700725919006,2.008410251595541,-5.159427060838847,-1.5273929362106025,-0.4965142169108987,0.6552345752716064
SCA,Classical,22,4,30,30,1000,30000,6.881018121579227,1.7841145200060595,4.552281403760313,5.79999538157567,9.878904837431527,0.8239401321151356,-3.5219224452394733,1.7841145200060595,-5.850659163058387,-4.60294518524303,-0.524035729387173,0.655742883682251
SCA,Classical,23,4,30,30,1000,30000,6.107340547485277,1.8606376681929515,1.754468616209527,5.692437387134894,9.596421244412102,0.7634559176142032,-4.429069269206723,1.860637668192951,-8.781941200482473,-4.843972429557106,-0.9399885722798976,0.6553704738616943
AOA,Classical,1,30,30,30,1000,30000,0.0001764619784235,0.0002996685376054,2.3400049516695866e-07,1.4804981071155778e-05,0.0010692584985348,-4.6854271786547965,0.0001764619784235,0.0002996685376054,2.3400049516695866e-07,1.4804981071155778e-05,0.0010692584985348,0.4292807579040527
AOA,Classical,2,30,30,30,1000,30000,0.2393052540978387,1.032053086281162,9.953419288208216e-05,0.00500832985161,5.766817516841828,-2.096771045620872,0.2393052540978387,1.032053086281162,9.953419288208216e-05,0.00500832985161,5.766817516841828,0.4422509670257568
AOA,Classical,3,30,30,30,1000,30000,21.05666734179568,36.03164974098185,0.0151564145931329,5.190380643826396,164.88369494601324,0.6550164348457536,21.05666734179568,36.03164974098185,0.0151564145931329,5.190380643826396,164.88369494601324,0.434539794921875
AOA,Classical,4,30,30,30,1000,30000,0.7123794259105003,0.6464677463865532,0.0496001587016476,0.5994352718467008,3.3597402069995588,-0.3079593429483961,0.7123794259105003,0.6464677463865532,0.0496001587016476,0.5994352718467008,3.3597402069995588,0.4314119815826416
AOA,Classical,5,30,30,30,1000,30000,29.035597541772688,1.3661773696016626,26.785966784458253,28.9132871217535,35.46988691402892,1.4624914304218437,29.035597541772688,1.3661773696016626,26.785966784458253,28.9132871217535,35.46988691402892,0.4773831367492676
AOA,Classical,6,30,30,30,1000,30000,16.933333333333334,7.762874610749695,6.0,17.0,46.0,1.1868672040697228,16.933333333333334,7.762874610749695,6.0,17.0,46.0,0.4394445419311523
AOA,Classical,7,30,30,30,1000,30000,0.0007506587339581,0.0022812565362785,2.5025509389059278e-12,5.6707341913939364e-08,0.0113552272541638,-7.09825570216826,0.0007506587339581,0.0022812565362785,2.5025509389059278e-12,5.6707341913939364e-08,0.0113552272541638,0.445068359375
AOA,Classical,8,30,30,30,1000,30000,6311.8967432442105,1375.2886609263949,3985.153688899385,6122.572722157851,9587.186295573185,3.789803521577545,-6257.59025675579,1375.2886609263949,-8584.333311100614,-6446.914277842148,-2982.300704426816,0.4400513172149658
AOA,Classical,9,30,30,30,1000,30000,41.43844636827745,20.71585228254311,10.262559348096682,38.01913643137385,91.19939700612396,1.561772968627009,41.43844636827745,20.71585228254311,10.262559348096682,38.01913643137385,91.19939700612396,0.4534025192260742
AOA,Classical,10,30,30,30,1000,30000,1.5482611474316996,1.070445741132566,0.0001006441379876,1.9446751526366044,3.137650830473572,-0.6789170972771423,1.5482611474316996,1.070445741132566,0.0001006441379876,1.9446751526366044,3.137650830473572,0.5056629180908203
AOA,Classical,11,30,30,30,1000,30000,0.0400280278176524,0.0439530834814104,6.422660536742343e-08,0.033715906649771,0.1994779314681294,-2.487904183095281,0.0400280278176524,0.0439530834814104,6.422660536742343e-08,0.033715906649771,0.1994779314681294,0.4811611175537109
AOA,Classical,12,30,30,30,1000,30000,2.0655407990060533,1.3261972261903678,0.6343929341905437,1.6382666308232938,5.205942722961026,0.228904240342406,2.0655407990060533,1.3261972261903678,0.6343929341905437,1.6382666308232938,5.205942722961026,0.6403462886810303
AOA,Classical,13,30,30,30,1000,30000,3.802742521320011,0.9854800744854028,1.4203917100227614,3.858819494308992,6.1114597710195815,0.5635982974645639,3.802742521320011,0.9854800744854028,1.4203917100227614,3.858819494308992,6.1114597710195815,0.6406257152557373
AOA,Classical,1,100,30,30,1000,30000,2.540575300597358,5.811416950911315,0.0121533391740234,0.4478222271361748,31.489842004175145,-0.2362522060024522,2.540575300597358,5.811416950911315,0.0121533391740234,0.4478222271361748,31.489842004175145,0.4324650764465332
AOA,Classical,2,100,30,30,1000,30000,16.884666099034096,37.132903809996805,0.1496656252774709,1.7386861984189053,168.8454889724815,0.3555646895360652,16.884666099034096,37.132903809996805,0.1496656252774709,1.7386861984189053,168.8454889724815,0.4445998668670654
AOA,Classical,3,100,30,30,1000,30000,7383.322183047897,6260.5521301039535,980.34352854207,4834.544529548513,23279.91624077069,3.736559615712253,7383.322183047897,6260.5521301039535,980.34352854207,4834.544529548513,23279.91624077069,0.4353127479553222
AOA,Classical,4,100,30,30,1000,30000,13.741484113174248,4.435986057453975,7.260066872182689,12.775980191565864,24.97774199126536,1.1168863446936863,13.741484113174248,4.435986057453975,7.260066872182689,12.775980191565864,24.97774199126536,0.4324932098388672
AOA,Classical,5,100,30,30,1000,30000,1994.9385786873647,3087.852315120552,109.08644091683384,665.685334003316,12395.020081669336,2.8562167992817384,1994.9385786873647,3087.852315120552,109.08644091683384,665.685334003316,12395.020081669336,0.4816899299621582
AOA,Classical,6,100,30,30,1000,30000,88.33333333333333,37.52451050831828,32.0,82.5,216.0,1.9086915173774144,88.33333333333333,37.52451050831828,32.0,82.5,216.0,0.4463167190551758
AOA,Classical,7,100,30,30,1000,30000,251.96427084837796,612.1511126466224,0.0160354014026053,33.05339153026934,3297.667582130269,1.182810495857139,251.96427084837796,612.1511126466224,0.0160354014026053,33.05339153026934,3297.667582130269,0.4474399089813232
AOA,Classical,8,100,30,30,1000,30000,25512.043089640345,2424.8038767304374,21642.953027086027,25255.82620059524,31827.39443280315,4.404819889137104,-16386.246910359645,2424.8038767304374,-20255.336972913967,-16642.463799404755,-10070.895567196842,0.4418604373931885
AOA,Classical,9,100,30,30,1000,30000,260.5924600382764,93.2493336595691,102.45272925598984,275.9877658490773,471.7200014315263,2.385711723924305,260.5924600382764,93.2493336595691,102.45272925598984,275.9877658490773,471.7200014315263,0.4586484432220459
AOA,Classical,10,100,30,30,1000,30000,0.898511134698505,0.975301409387499,0.0112258602016592,0.1304131671607025,2.7119280155469245,-0.5690904366628724,0.898511134698505,0.975301409387499,0.0112258602016592,0.1304131671607025,2.7119280155469245,0.5115725994110107
AOA,Classical,11,100,30,30,1000,30000,0.3737064790245214,0.324549502473804,0.0170328564051365,0.2252289548520343,1.1138248789667275,-0.6560858081518277,0.3737064790245214,0.324549502473804,0.0170328564051365,0.2252289548520343,1.1138248789667275,0.4852621555328369
AOA,Classical,12,100,30,30,1000,30000,4.846238876683725,2.225748943420764,1.6239354537130002,4.223310027650498,11.144024783545389,0.6405126081601059,4.846238876683725,2.225748943420764,1.6239354537130002,4.223310027650498,11.144024783545389,0.6456015110015869
AOA,Classical,13,100,30,30,1000,30000,46.35118513407217,20.83480235069128,19.23441597764608,40.01189026301567,96.19326900677262,1.6231406948238667,46.35118513407217,20.83480235069128,19.23441597764608,40.01189026301567,96.19326900677262,0.645275354385376
AOA,Classical,14,2,30,30,1000,30000,3.5841114121073048,4.499033735380636,3.070299570140378e-11,1.984101335663716,14.50581302647078,-3.1360233513849423,4.5821152499017535,4.499033735380636,0.998003837825152,2.982105173458165,15.503816864265229,0.5476064682006836
AOA,Classical,15,4,30,30,1000,30000,0.0020435975530643,0.0061578657790975,7.411266760064912e-06,0.0003465652795575,0.0287724884703792,-3.463378884912509,0.0023510835530643,0.0061578657790975,0.00031489726676,0.0006540512795575,0.0290799744703792,0.5380094051361084
AOA,Classical,16,2,30,30,1000,30000,2.2729896335486427e-07,2.8728585281851225e-07,9.168146908322685e-09,1.0782165782430297e-07,1.3636422298013429e-06,-6.927180395068932,-1.0316282261909135,2.8728585281851225e-07,-1.03162844432173,-1.0316283456682191,-1.0316270898476472,0.5069031715393066
AOA,Classical,17,2,30,30,1000,30000,9.990250631256952e-06,1.076143077345554e-05,4.804494544430327e-07,6.565311402084717e-06,4.413084583099192e-05,-5.286737189526041,0.3978973479803694,1.076143077345554e-05,0.3978878381791926,0.3978939230411402,0.3979314885755691,0.4862282276153564
AOA,Classical,18,2,30,30,1000,30000,2.701220283455565,14.539744290227391,6.639915905992666e-08,0.0016460965371878,81.00013931119398,-3.850316794927989,5.701220283455565,14.539744290227391,3.000000066399159,3.001646096537188,84.00013931119398,0.6302075386047363
AOA,Classical,19,3,30,30,1000,30000,0.0088325288976182,0.011022781225291,1.7022890150819592e-06,0.007879244118212,0.054060340585508,-2.5046780369298367,-3.853947258051718,0.011022781225291,-3.8627780846603215,-3.8549005428311247,-3.808719446363829,0.5206711292266846
AOA,Classical,20,6,30,30,1000,30000,0.1669817969096437,0.1287388629077254,2.170705965554021e-05,0.1856363941290519,0.4818231021584429,-1.3902632682544156,-3.1553862145058718,0.1287388629077254,-3.32234630435586,-3.136731617286463,-2.8405449092570723,0.5255248546600342
AOA,Classical,21,4,30,30,1000,30000,3.596762776866924,3.604924075986261,0.0020981217808024,2.642893156174721,7.486348215923287,-0.4148371219585993,-6.556436902191278,3.6049240759862617,-10.151101557277398,-7.510306522883479,-2.666851463134914,0.5058751106262207
AOA,Classical,22,4,30,30,1000,30000,2.562176284520832,3.5359105355782563,0.001892088832804,0.0375767520934937,7.660756967472697,-0.7837125366639951,-7.840764282297867,3.5359105355782567,-10.401048477985896,-10.365363814725209,-2.7421835993460024,0.5073065757751465
AOA,Classical,23,4,30,30,1000,30000,2.785421961924007,3.566499725488152,0.0029167757219603,0.1012686891679575,8.11687836333725,-0.7215088394359093,-7.750987854767994,3.566499725488151,-10.53349304097004,-10.435141127524044,-2.4195314533547494,0.5060262680053711
EO,Classical,1,30,30,30,1000,30000,5.387940394853708e-74,2.563582480922037e-73,3.4017920994971668e-77,1.6082503194727552e-75,1.4329323998036828e-72,-12.0,5.387940394853708e-74,2.563582480922037e-73,3.4017920994971668e-77,1.6082503194727552e-75,1.4329323998036828e-72,0.6668314933776855
EO,Classical,2,30,30,30,1000,30000,5.65831510175858e-42,1.1003696381983304e-41,1.223364476104914e-43,1.6826568151558593e-42,5.8909231636603e-41,-12.0,5.65831510175858e-42,1.1003696381983304e-41,1.223364476104914e-43,1.6826568151558593e-42,5.8909231636603e-41,0.6806321144104004
EO,Classical,3,30,30,30,1000,30000,3.2517804768840986e-32,1.70452570588044e-31,4.433112675050637e-38,5.459898033107699e-35,9.503559491252975e-31,-12.0,3.2517804768840986e-32,1.70452570588044e-31,4.433112675050637e-38,5.459898033107699e-35,9.503559491252975e-31,0.6684024333953857
EO,Classical,4,30,30,30,1000,30000,3.044804694295095e-22,8.412056778617228e-22,2.5945418538640612e-24,8.068151606226808e-23,4.678607001571356e-21,-11.999999999867764,3.044804694295095e-22,8.412056778617228e-22,2.5945418538640612e-24,8.068151606226808e-23,4.678607001571356e-21,0.6658623218536377
EO,Classical,5,30,30,30,1000,30000,26.88314064638041,0.7349145680955258,26.01622885504836,27.096483425288334,28.747623722059792,1.429320250111376,26.88314064638041,0.7349145680955258,26.01622885504836,27.096483425288334,28.747623722059792,0.7113356590270996
EO,Classical,6,30,30,30,1000,30000,0.0,0.0,0.0,0.0,0.0,-12.0,0.0,0.0,0.0,0.0,0.0,0.653662919998169
EO,Classical,7,30,30,30,1000,30000,1.0339406194521355e-124,4.817360611809658e-124,5.700849545738867e-132,3.257891556398904e-127,2.683036722354093e-123,-12.0,1.0339406194521355e-124,4.817360611809658e-124,5.700849545738867e-132,3.257891556398904e-127,2.683036722354093e-123,0.6796078681945801
EO,Classical,8,30,30,30,1000,30000,6599.979502005825,747.4327628676962,4758.840196440426,6601.394139047461,7961.015075848092,3.8166576384288975,-5969.507497994173,747.4327628676963,-7810.646803559573,-5968.092860952538,-4608.471924151907,0.6754710674285889
EO,Classical,9,30,30,30,1000,30000,1.4125637587117543,2.297733013242393,0.0,0.0,8.336190695801971,-7.807455821729099,1.4125637587117543,2.297733013242393,0.0,0.0,8.336190695801971,0.68341064453125
EO,Classical,10,30,30,30,1000,30000,6.720550042397614e-15,1.5026294330825277e-15,3.996802888650564e-15,7.549516567451064e-15,7.549516567451064e-15,-11.997091550486934,6.720550042397614e-15,1.5026294330825277e-15,3.996802888650564e-15,7.549516567451064e-15,7.549516567451064e-15,0.7219643592834473
EO,Classical,11,30,30,30,1000,30000,0.0067989073778798,0.012276612955378,0.0,0.0,0.0489484367901107,-8.587787938428994,0.0067989073778798,0.012276612955378,0.0,0.0,0.0489484367901107,0.7093923091888428
EO,Classical,12,30,30,30,1000,30000,0.0594663830065532,0.021146696749742,0.0261089460057682,0.0560010553424131,0.1157533590995552,-1.2529415512840003,0.0594663830065532,0.021146696749742,0.0261089460057682,0.0560010553424131,0.1157533590995552,0.8790373802185059
EO,Classical,13,30,30,30,1000,30000,0.9717109324078856,0.2525289556022502,0.5666627028424104,0.9360412220873404,1.6069519972795256,-0.026860009848594,0.9717109324078856,0.2525289556022502,0.5666627028424104,0.9360412220873404,1.6069519972795256,0.8732442855834961
EO,Classical,1,100,30,30,1000,30000,2.980477520493104e-44,5.450406333064684e-44,2.3634308572307856e-46,7.917629394733915e-45,2.020970475575097e-43,-12.0,2.980477520493104e-44,5.450406333064684e-44,2.3634308572307856e-46,7.917629394733915e-45,2.020970475575097e-43,0.6662290096282959
EO,Classical,2,100,30,30,1000,30000,4.377629602031948e-25,5.186180647701031e-25,4.267032675083063e-26,2.702752421032323e-25,2.6614585064282856e-24,-11.999999999999812,4.377629602031948e-25,5.186180647701031e-25,4.267032675083063e-26,2.702752421032323e-25,2.6614585064282856e-24,0.6835689544677734
EO,Classical,3,100,30,30,1000,30000,4.947151599158888e-10,2.5255502997758927e-09,1.2937592332036792e-15,8.256646223800493e-13,1.409066406233682e-08,-11.31726354465779,4.947151599158888e-10,2.5255502997758927e-09,1.2937592332036792e-15,8.256646223800493e-13,1.409066406233682e-08,0.6740036010742188
EO,Classical,4,100,30,30,1000,30000,1.6777681618479799e-13,2.2802610623640565e-13,9.629219183737466e-15,1.248421510489067e-13,1.290400597509392e-12,-11.938431310833124,1.6777681618479799e-13,2.2802610623640565e-13,9.629219183737466e-15,1.248421510489067e-13,1.290400597509392e-12,0.6734156608581543
EO,Classical,5,100,30,30,1000,30000,97.96818310169851,0.7820014640560453,96.1455407469286,98.3763855605266,98.59898184640768,1.9910711227003928,97.96818310169851,0.7820014640560453,96.1455407469286,98.3763855605266,98.59898184640768,0.7173068523406982
EO,Classical,6,100,30,30,1000,30000,0.0,0.0,0.0,0.0,0.0,-12.0,0.0,0.0,0.0,0.0,0.0,0.657224178314209
EO,Classical,7,100,30,30,1000,30000,1.561793863559242e-73,6.205882577296109e-73,1.3952073953363978e-78,3.384302866123213e-75,3.4461397558387554e-72,-12.0,1.561793863559242e-73,6.205882577296109e-73,1.3952073953363978e-78,3.384302866123213e-75,3.4461397558387554e-72,0.6854171752929688
EO,Classical,8,100,30,30,1000,30000,27231.35498415256,1364.8971973834684,23370.240618110576,27402.40286191672,29698.59448610817,4.434505489972001,-14666.93501584744,1364.897197383469,-18528.049381889417,-14495.887138083275,-12199.695513891827,0.6825346946716309
EO,Classical,9,100,30,30,1000,30000,0.4695137053906356,1.3243931373123146,0.0,0.0,6.1146543208768325,-10.3321107382945,0.4695137053906356,1.3243931373123146,0.0,0.0,6.1146543208768325,0.6917586326599121
EO,Classical,10,100,30,30,1000,30000,1.8444505182439263e-14,3.991426341171385e-15,1.4654943925052066e-14,1.8207657603852567e-14,2.886579864025407e-14,-11.99206596221991,1.8444505182439263e-14,3.991426341171385e-15,1.4654943925052066e-14,1.8207657603852567e-14,2.886579864025407e-14,0.7339873313903809
EO,Classical,11,100,30,30,1000,30000,0.0011490887420537,0.0044825713105723,0.0,0.0,0.0221472013715482,-11.318795932583932,0.0011490887420537,0.0044825713105723,0.0,0.0,0.0221472013715482,0.7121884822845459
EO,Classical,12,100,30,30,1000,30000,0.4375632988191542,0.0939850914836157,0.2696617650071009,0.4095965923230422,0.6264354928523155,-0.3689646262338421,0.4375632988191542,0.0939850914836157,0.2696617650071009,0.4095965923230422,0.6264354928523155,0.8867814540863037
EO,Classical,13,100,30,30,1000,30000,7.671088307350942,0.2744704591484542,7.17117025824739,7.698859380924526,8.391360349490382,0.8845812178201983,7.671088307350942,0.2744704591484542,7.17117025824739,7.698859380924526,8.391360349490382,0.8822271823883057
EO,Classical,14,2,30,30,1000,30000,2.512704080461928,3.8823315033416175,9.992007221626409e-16,1.2212453270876722e-15,11.672501973341465,-6.129885756969943,3.5107079182563767,3.8823315033416175,0.99800383779445,0.9980038377944502,12.670505811135913,0.792036771774292
EO,Classical,15,4,30,30,1000,30000,0.0040525336168902,0.0080038386183826,2.382841710404926e-11,8.670156087975563e-09,0.0200558533525495,-6.660505044888844,0.0043600196168902,0.0080038386183826,0.0003074860238284,0.000307494670156,0.0203633393525495,0.7834353446960449
EO,Classical,16,2,30,30,1000,30000,7.031412489292659e-16,1.7994139440054103e-15,0.0,0.0,7.105427357601002e-15,-11.99969543685739,-1.0316284534898763,1.941250700617914e-15,-1.0316284534898776,-1.0316284534898772,-1.03162845348987,0.7353026866912842
EO,Classical,17,2,30,30,1000,30000,1.4533559541026382e-12,2.9310859297842457e-12,0.0,7.638334409421078e-14,1.1777245845223659e-11,-11.789245018921466,0.3978873577311915,2.931085929842652e-12,0.3978873577297381,0.3978873577298145,0.3978873577415154,0.7215352058410645
EO,Classical,18,2,30,30,1000,30000,3.623359390303449e-11,4.2496714806981196e-11,2.1582735598713046e-13,2.490674333444076e-11,2.1383739223779228e-10,-10.674700962240529,3.000000000036233,4.2496714814499157e-11,3.000000000000216,3.0000000000249067,3.0000000002138374,0.8597471714019775
EO,Classical,19,3,30,30,1000,30000,0.0028879910285544,0.0037955651343907,0.0,0.0,0.007877991696799,-8.371347751648162,-3.859891796152873,0.0037955653109852,-3.862779787332317,-3.862779787316998,-3.8549017952525375,0.7646565437316895
EO,Classical,20,6,30,30,1000,30000,0.1002366658816538,0.1118721191029573,4.7123102753232615e-08,0.1192061206233874,0.4815924055399461,-3.589965561480893,-3.222131345533861,0.1118721191029573,-3.3223679642924124,-3.203161890792128,-2.840775605875569,0.7689332962036133
EO,Classical,21,4,30,30,1000,30000,2.938079924553588,3.2469424213845395,1.1004564903771553e-07,5.347060192839592e-06,7.522728090856754,-2.857443878633056,-7.215119754504612,3.2469424213845395,-10.153199569012552,-10.153194331998009,-2.6304715882014467,0.7482795715332031
EO,Classical,22,4,30,30,1000,30000,2.4258807480322555,3.250999101022704,4.3747887090717086e-08,2.6506198098630307e-06,7.651007147418532,-3.577648762053943,-7.977059818786444,3.2509991010227046,-10.402940523070813,-10.40293791619889,-2.7519334194001672,0.7475152015686035
EO,Classical,23,4,30,30,1000,30000,1.6077719364498289,2.9804328105411093,2.728417172193076e-07,2.863449394041595e-06,8.11467598392781,-4.276560990622453,-8.928637880242173,2.9804328105411093,-10.536409543850285,-10.536406953242606,-2.42173383276419,0.748892068862915
SVOA,Classical,1,30,30,30,1000,30000,0.0165394721362483,0.0068257107956193,0.00842697624892,0.0151714381833641,0.0374552862178695,-1.8141848159482536,0.0165394721362483,0.0068257107956193,0.00842697624892,0.0151714381833641,0.0374552862178695,5.177648544311523
SVOA,Classical,2,30,30,30,1000,30000,307477579666.8652,1559479314699.4438,232.5845872135257,5585.499390867009,8697647774878.129,4.792118422720502,307477579666.8652,1559479314699.4438,232.5845872135257,5585.499390867009,8697647774878.129,2.5568227767944336
SVOA,Classical,3,30,30,30,1000,30000,3341.599720186244,1042.113635360594,1126.1992106583095,3287.3335338394854,5438.460585937985,3.498101157717016,3341.599720186244,1042.113635360594,1126.1992106583095,3287.3335338394854,5438.460585937985,1.9465186595916748
SVOA,Classical,4,30,30,30,1000,30000,19.095898736232947,3.6185903318849495,11.351296844505336,18.98636422925354,26.10834917582517,1.2726636833983431,19.095898736232947,3.6185903318849495,11.351296844505336,18.98636422925354,26.10834917582517,2.218999147415161
SVOA,Classical,5,30,30,30,1000,30000,320.3572820865478,927.042991060088,27.49579085989458,101.8283424218076,5221.57390169881,1.984053062739972,320.3572820865478,927.042991060088,27.49579085989458,101.8283424218076,5221.57390169881,5.097257137298584
SVOA,Classical,6,30,30,30,1000,30000,0.0,0.0,0.0,0.0,0.0,-12.0,0.0,0.0,0.0,0.0,0.0,5.504745244979858
SVOA,Classical,7,30,30,30,1000,30000,0.0049684978992743,0.002558050740372,0.0012969913232969,0.0044710154135243,0.0100736973637835,-2.367722107565277,0.0049684978992743,0.002558050740372,0.0012969913232969,0.0044710154135243,0.0100736973637835,5.644364356994629
SVOA,Classical,8,30,30,30,1000,30000,6948.639837185486,473.1072993213044,5691.905755526152,6929.578147610379,7927.721486429031,3.840848207199804,-5620.847162814514,473.1072993213045,-6877.581244473848,-5639.90885238962,-4641.765513570968,5.237806558609009
SVOA,Classical,9,30,30,30,1000,30000,180.48184234825783,18.250897019567223,143.55952914083048,182.92048389158623,212.5251242260452,2.254130186545631,180.48184234825783,18.250897019567223,143.55952914083048,182.92048389158623,212.5251242260452,5.056514739990234
SVOA,Classical,10,30,30,30,1000,30000,3.19851907792796,0.2147745010913092,2.748831945880991,3.157176743361953,3.591336294279167,0.5039540333878051,3.19851907792796,0.2147745010913092,2.748831945880991,3.157176743361953,3.591336294279167,5.772852897644043
SVOA,Classical,11,30,30,30,1000,30000,1.218192752436786,0.0784861210489233,1.0903905658157356,1.1968742557331575,1.3903453731392976,0.0848295409183836,1.218192752436786,0.0784861210489233,1.0903905658157356,1.1968742557331575,1.3903453731392976,6.340458393096924
SVOA,Classical,12,30,30,30,1000,30000,1.590781519948203,0.4791073409180819,0.8646624310777125,1.532571525455301,2.624920097104922,0.1822646285025533,1.590781519948203,0.4791073409180819,0.8646624310777125,1.532571525455301,2.624920097104922,5.504653215408325
SVOA,Classical,13,30,30,30,1000,30000,0.200584433058449,0.0412472509617087,0.1057420445749624,0.1961781175356609,0.3125186615457042,-0.706920626284795,0.200584433058449,0.0412472509617087,0.1057420445749624,0.1961781175356609,0.3125186615457042,5.571149826049805
SVOA,Classical,1,100,30,30,1000,30000,38.733851930938165,5.523782875472683,29.22673557040344,39.86430956353146,48.8588425486341,1.583549891712539,38.733851930938165,5.523782875472683,29.22673557040344,39.86430956353146,48.8588425486341,5.09947395324707
SVOA,Classical,2,100,30,30,1000,30000,5.2289072743112904e+140,2.086953967292777e+141,4707.137208898088,1.375047612239818e+131,1.131124709254738e+142,111.27180196926092,5.2289072743112904e+140,2.086953967292777e+141,4707.137208898088,1.375047612239818e+131,1.131124709254738e+142,5.092214584350586
SVOA,Classical,3,100,30,30,1000,30000,105738.1602247388,18923.06864073494,66719.03373974454,104823.05314588756,147266.02584151458,5.017180082519307,105738.1602247388,18923.06864073494,66719.03373974454,104823.05314588756,147266.02584151458,4.667866468429565
SVOA,Classical,4,100,30,30,1000,30000,62.630112719655045,4.139265885337197,55.17602902019131,62.24258689955075,70.63511205476226,1.7958334669682747,62.630112719655045,4.139265885337197,55.17602902019131,62.24258689955075,70.63511205476226,2.8457047939300537
SVOA,Classical,5,100,30,30,1000,30000,66083.6381232435,68734.3800105567,13597.049612337009,49976.65715202328,372997.016058386,4.702485390788778,66083.6381232435,68734.3800105567,13597.049612337009,49976.65715202328,372997.016058386,2.181947708129883
SVOA,Classical,6,100,30,30,1000,30000,65.43333333333334,8.550568532104881,54.0,65.0,90.0,1.8122542065153184,65.43333333333334,8.550568532104881,54.0,65.0,90.0,1.762671947479248
SVOA,Classical,7,100,30,30,1000,30000,75184.6648919668,28477.80680278321,19386.46162440517,78737.92843628742,132874.90699426318,4.837632672380687,75184.6648919668,28477.80680278321,19386.46162440517,78737.92843628742,132874.90699426318,5.116185426712036
SVOA,Classical,8,100,30,30,1000,30000,30512.765727074668,772.4136029405487,28888.187995551765,30390.540220463725,32100.563251604468,4.48434223825984,-11385.52427292532,772.4136029405485,-13010.102004448228,-11507.749779536269,-9797.726748395526,5.451248407363892
SVOA,Classical,9,100,30,30,1000,30000,908.871352672302,39.85973663654236,837.4597548316872,922.3335456400224,990.8602050962154,2.958083512568938,908.871352672302,39.85973663654236,837.4597548316872,922.3335456400224,990.8602050962154,5.493306875228882
SVOA,Classical,10,100,30,30,1000,30000,16.085015003343713,0.4052994496540383,15.0328687934666,16.1340964355622,16.828085867067905,1.2062828487695376,16.085015003343713,0.4052994496540383,15.0328687934666,16.1340964355622,16.828085867067905,7.221412897109985
SVOA,Classical,11,100,30,30,1000,30000,319.7309781509388,39.532803160313975,243.36519586874493,321.26038399440785,406.0524350739247,2.501475101362088,319.7309781509388,39.532803160313975,243.36519586874493,321.26038399440785,406.0524350739247,6.777698755264282
SVOA,Classical,12,100,30,30,1000,30000,19.168110038600943,5.604277347410195,10.6778358556632,17.982848710036784,33.967211555951415,1.2653669816796185,19.168110038600943,5.604277347410195,10.6778358556632,17.982848710036784,33.967211555951415,5.93806529045105
SVOA,Classical,13,100,30,30,1000,30000,78.66175817880736,17.0824007703447,48.19327582712398,77.61399062971702,117.00793911407294,1.8858783252121156,78.66175817880736,17.0824007703447,48.19327582712398,77.61399062971702,117.00793911407294,5.9152445793151855
SVOA,Classical,14,2,30,30,1000,30000,8.536665263569886e-10,3.615718812318829e-09,7.771561172376097e-16,3.177458296477198e-13,2.0203259620821257e-08,-10.999768513180708,0.9980038386481154,3.6157188123188316e-09,0.9980038377944498,0.9980038377947668,0.9980038579977086,6.53425407409668
SVOA,Classical,15,4,30,30,1000,30000,0.0002544833733001,0.0001699779556304,5.811066166293028e-09,0.0002850966056686,0.0005208587930351,-4.146694647467613,0.0005619693733001,0.0001699779556304,0.0003074918110661,0.0005925826056686,0.0008283447930351,9.037961483001707
SVOA,Classical,16,2,30,30,1000,30000,0.0,0.0,0.0,0.0,0.0,-12.0,-1.0316284534898774,4.213000162292041e-16,-1.031628453489878,-1.031628453489878,-1.0316284534898776,5.470123052597046
SVOA,Classical,17,2,30,30,1000,30000,2.898345563551174e-09,1.5592871956587257e-08,0.0,0.0,8.686851948880303e-08,-11.665908153510037,0.3978873606280837,1.5592871956587257e-08,0.3978873577297381,0.3978873577297381,0.3978874445982576,2.613152503967285
SVOA,Classical,18,2,30,30,1000,30000,0.0,0.0,0.0,0.0,0.0,-12.0,2.999999999999924,1.5468930406367476e-15,2.9999999999999205,2.9999999999999223,2.9999999999999254,2.839971780776977
SVOA,Classical,19,3,30,30,1000,30000,1.598102315412871e-05,1.8696912404438845e-05,5.4438146435131785e-08,6.814509506458677e-06,7.031411270475019e-05,-5.1987020168357,-3.8627638059261833,1.869691240443885e-05,-3.86277973251119,-3.86277297243983,-3.862709472836632,2.082406520843506
SVOA,Classical,20,6,30,30,1000,30000,0.0618725399733163,0.0590281230591629,4.440892098500626e-15,0.0717270927118884,0.12359376829176,-5.402365822205247,-3.2604954714421983,0.0590281230591629,-3.3223680114155107,-3.2506409187036267,-3.198774243123755,7.620991468429565
SVOA,Classical,21,4,30,30,1000,30000,1.089807552059337,1.9980232632863768,0.0,0.0,5.052427538727733,-8.078751937916671,-9.06339212699888,1.9980232632863864,-10.153199679058227,-10.153199679058227,-5.100772140330467,7.557151079177856
SVOA,Classical,22,4,30,30,1000,30000,3.7481129311345294e-14,7.031022926562684e-16,3.7303493627405266e-14,3.7303493627405266e-14,4.085620730620576e-14,-11.984019893451572,-10.40294056681866,3.447535975929753e-15,-10.402940566818662,-10.402940566818662,-10.40294056681866,7.495938301086426
SVOA,Classical,23,4,30,30,1000,30000,0.360094124465717,1.3365644695314376,0.0,0.0,5.360763075044118,-10.756195556566672,-10.176315692226323,1.3365644695314471,-10.536409816692045,-10.536409816692045,-5.175646741647882,7.498338222503662
