algorithm,suite,problem,dim,num_runs,pop_size,max_iter,fes_per_run_nominal,penalty_factor,feasibility_tol,feasible_rate,ranking_score,best_feasible_obj,mean_feasible_obj,std_feasible_obj,median_feasible_obj,mean_raw_obj,std_raw_obj,best_raw_obj,median_raw_obj,mean_penalized,std_penalized,best_penalized,median_penalized,mean_max_violation,best_max_violation,median_max_violation,elapsed_sec
MVDO,Engineering,three_bar_truss,2,30,30,1000,30000,10000000000.0,1e-06,1.0,263.8972964970473,263.89599348330563,263.8972964970473,0.0010872587428422,263.89742868806127,263.8972964970473,0.0010872587428422,263.89599348330563,263.89742868806127,263.8972992847445,0.0010844860377041,263.89599348330563,263.89742868806127,3.0483313799104886e-09,0.0,0.0,2.1625654697418213
MVDO,Engineering,tension_spring,3,30,30,1000,30000,10000000000.0,1e-06,1.0,0.0131935313669833,0.0127232515855859,0.0131935313669833,0.0009587214979586,0.0128035364561423,0.0131935313669833,0.0009587214979586,0.0127232515855859,0.0128035364561423,0.0131935313669833,0.0009587214979586,0.0127232515855859,0.0128035364561423,0.0,0.0,0.0,1.8693616390228271
MVDO,Engineering,welded_beam,4,30,30,1000,30000,10000000000.0,1e-06,1.0,1.7877414973701549,1.734537185006752,1.7877414973701549,0.0671848790139575,1.7747305453682276,1.7877414973701549,0.0671848790139575,1.734537185006752,1.7747305453682276,1.7877414973701549,0.0671848790139575,1.734537185006752,1.7747305453682276,0.0,0.0,0.0,2.366661071777344
MVDO,Engineering,pressure_vessel,4,30,30,1000,30000,10000000000.0,1e-06,1.0,6798.56122888162,6101.861732576675,6798.56122888162,691.4902717994704,6480.63311828175,6798.56122888162,691.4902717994704,6101.861732576675,6480.63311828175,6798.56122888162,691.4902717994704,6101.861732576675,6480.63311828175,0.0,0.0,0.0,2.088031530380249
MVDO,Engineering,speed_reducer,7,30,30,1000,30000,10000000000.0,1e-06,0.9,3006.442306668706,2997.400905414191,3005.8533807889926,4.51136529019187,3005.3721404305984,3006.4299245459865,4.732392845103568,2997.400905414191,3006.549045630787,3006.442306668706,4.752227048203202,2997.400905414191,3006.549045630787,3.252031861874135e-07,0.0,0.0,2.3592123985290527
PSO,Engineering,three_bar_truss,2,30,30,1000,30000,10000000000.0,1e-06,1.0,263.8961372160923,263.89584312834586,263.8961372160923,0.0005420732750697,263.8958929489497,263.8961372160923,0.0005420732750697,263.89584312834586,263.8958929489497,263.8961376595383,0.0005420687072105,263.89584356343585,263.8958933844316,6.521024120687002e-09,0.0,6.599394808404213e-09,0.7882215976715088
PSO,Engineering,tension_spring,3,30,30,1000,30000,10000000000.0,1e-06,1.0,0.012784781915701,0.0126693756415579,0.012784781915701,0.0001033868182246,0.0127645565186575,0.012784781915701,0.0001033868182246,0.0126693756415579,0.0127645565186575,0.0127847819157143,0.000103386818221,0.0126693756415702,0.0127645565186732,9.356219502857737e-13,0.0,1.177502539917441e-12,0.8839616775512695
PSO,Engineering,welded_beam,4,30,30,1000,30000,10000000000.0,1e-06,1.0,1.7249400649997884,1.7248523076881943,1.7249400649997884,0.0003053390954644,1.7248523189869591,1.7249400649997884,0.0003053390954644,1.7248523076881943,1.7248523189869591,1.724940065143301,0.0003053392731038,1.7248523077463742,1.7248523192435294,8.040514457944662e-11,0.0,6.312836364763541e-11,1.3162381649017334
PSO,Engineering,pressure_vessel,4,30,30,1000,30000,10000000000.0,1e-06,1.0,6322.438814589104,6059.712261412622,6322.438814589104,376.1906776813247,6090.524532510608,6322.438814589104,376.1906776813247,6059.712261412622,6090.524532510608,6322.43948062412,376.1904471381922,6059.713339599444,6090.525329580224,2.4151799105457764e-07,0.0,2.8232360221869257e-07,1.0524537563323977
PSO,Engineering,speed_reducer,7,30,30,1000,30000,10000000000.0,1e-06,1.0,3041.720609430149,2994.4708985823904,3041.720609430149,42.09014670967102,3033.748452987737,3041.720609430149,42.09014670967102,2994.4708985823904,3033.748452987737,3041.720649286052,42.09013157194307,2994.4709823639773,3033.748489344472,5.6151278671201514e-08,1.4172725215644276e-08,5.798017344016416e-08,1.2432169914245603
GWO,Engineering,three_bar_truss,2,30,30,1000,30000,10000000000.0,1e-06,1.0,264.5307324010259,263.8959461242934,264.5307324010259,3.400469415957841,263.89835043645724,264.5307324010259,3.400469415957841,263.8959461242934,263.89835043645724,264.5307328524489,3.4004693317870403,263.8959461242934,263.89835043645724,1.226679794778344e-09,0.0,0.0,1.054987907409668
GWO,Engineering,tension_spring,3,30,30,1000,30000,10000000000.0,1e-06,1.0,0.0127340065732089,0.0126750726444944,0.0127340065732089,4.6736514390009335e-05,0.0127225624316612,0.0127340065732089,4.6736514390009335e-05,0.0126750726444944,0.0127225624316612,0.0127340065732089,4.6736514390009335e-05,0.0126750726444944,0.0127225624316612,0.0,0.0,0.0,1.1136927604675293
GWO,Engineering,welded_beam,4,30,30,1000,30000,10000000000.0,1e-06,1.0,1.7270629522387992,1.7253486477114144,1.7270629522387992,0.0013272930365505,1.7266617654022844,1.7270629522387992,0.0013272930365505,1.7253486477114144,1.7266617654022844,1.7270629522387992,0.0013272930365505,1.7253486477114144,1.7266617654022844,0.0,0.0,0.0,1.5810284614562988
GWO,Engineering,pressure_vessel,4,30,30,1000,30000,10000000000.0,1e-06,1.0,6377.011103759392,6059.964733390827,6377.011103759392,488.6148063433545,6061.705888540889,6377.011103759392,488.6148063433545,6059.964733390827,6061.705888540889,6377.011103759392,488.6148063433545,6059.964733390827,6061.705888540889,0.0,0.0,0.0,1.322795867919922
GWO,Engineering,speed_reducer,7,30,30,1000,30000,10000000000.0,1e-06,1.0,3004.80218760705,2995.8645887787325,3004.80218760705,4.126961242392234,3005.0329193175025,3004.80218760705,4.126961242392234,2995.8645887787325,3005.0329193175025,3004.80218760705,4.126961242392234,2995.8645887787325,3005.0329193175025,0.0,0.0,0.0,1.5655856132507324
WOA,Engineering,three_bar_truss,2,30,30,1000,30000,10000000000.0,1e-06,1.0,264.8904510714749,263.9109861618485,264.8904510714749,1.5532143449067184,264.20991766186444,264.8904510714749,1.5532143449067184,263.9109861618485,264.20991766186444,264.8904518335011,1.5532143362775197,263.91098657561554,264.20991852470854,7.398397864714449e-09,0.0,7.043301275544422e-09,0.8064846992492676
WOA,Engineering,tension_spring,3,30,30,1000,30000,10000000000.0,1e-06,1.0,0.0136392414774182,0.0126657151641792,0.0136392414774182,0.0009006571785207,0.0135529851508742,0.0136392414774182,0.0009006571785207,0.0126657151641792,0.0135529851508742,0.0136392414774182,0.0009006571785207,0.0126657151641792,0.0135529851508742,0.0,0.0,0.0,0.8791642189025879
WOA,Engineering,welded_beam,4,30,30,1000,30000,10000000000.0,1e-06,1.0,2.860578182320435,1.7880163620061684,2.860578182320435,0.8304058526383924,2.7030422253862763,2.860578182320435,0.8304058526383924,1.7880163620061684,2.7030422253862763,2.8605785761683995,0.8304056867241478,1.7880163620061684,2.7030422253862763,1.145786432399376e-09,0.0,0.0,1.323653221130371
WOA,Engineering,pressure_vessel,4,30,30,1000,30000,10000000000.0,1e-06,1.0,32103.823993106747,6842.695335307394,32103.823993106747,31974.726956187347,18591.098637420004,32103.823993106747,31974.726956187347,6842.695335307394,18591.098637420004,32103.823993106747,31974.726956187347,6842.695335307394,18591.098637420004,0.0,0.0,0.0,1.0548768043518066
WOA,Engineering,speed_reducer,7,30,30,1000,30000,10000000000.0,1e-06,0.9666666666666668,125436.18901195483,3104.1392655103764,4391.240318402904,878.9379425218344,4664.491342923282,4414.628425992086,873.2948797318448,3104.1392655103764,4713.276684568415,125436.18901195483,651847.5647743432,3104.1403633517343,4713.277048320431,0.0004555378906191,0.0,1.907018296609664e-07,1.4204931259155271
SCA,Engineering,three_bar_truss,2,30,30,1000,30000,10000000000.0,1e-06,1.0,264.67782598227376,263.9042463311374,264.67782598227376,3.3751016363300423,264.0140367188451,264.67782598227376,3.3751016363300423,263.9042463311374,264.0140367188451,264.67782598227376,3.3751016363300423,263.9042463311374,264.0140367188451,0.0,0.0,0.0,0.9573929309844972
SCA,Engineering,tension_spring,3,30,30,1000,30000,10000000000.0,1e-06,1.0,0.0130186105856283,0.0128162419938625,0.0130186105856283,0.0001338076812425,0.0130384742410062,0.0130186105856283,0.0001338076812425,0.0128162419938625,0.0130384742410062,0.0130186105856283,0.0001338076812425,0.0128162419938625,0.0130384742410062,0.0,0.0,0.0,0.998154640197754
SCA,Engineering,welded_beam,4,30,30,1000,30000,10000000000.0,1e-06,1.0,1.8779636520610303,1.801361086997313,1.8779636520610303,0.0412914028309376,1.8747235888396496,1.8779636520610303,0.0412914028309376,1.801361086997313,1.8747235888396496,1.8779636520610303,0.0412914028309376,1.801361086997313,1.8747235888396496,0.0,0.0,0.0,1.4557452201843262
SCA,Engineering,pressure_vessel,4,30,30,1000,30000,10000000000.0,1e-06,1.0,6826.9572728484445,6292.827619805516,6826.9572728484445,492.00384853219055,6693.18516881315,6826.9572728484445,492.00384853219055,6292.827619805516,6693.18516881315,6826.9572728484445,492.00384853219055,6292.827619805516,6693.18516881315,0.0,0.0,0.0,1.2170462608337402
SCA,Engineering,speed_reducer,7,30,30,1000,30000,10000000000.0,1e-06,1.0,3134.5676724742243,3062.544615082709,3134.5676724742243,38.23701974872829,3140.1419530182484,3134.5676724742243,38.23701974872829,3062.544615082709,3140.1419530182484,3134.5676724742243,38.23701974872829,3062.544615082709,3140.1419530182484,0.0,0.0,0.0,1.4552090167999268
AOA,Engineering,three_bar_truss,2,30,30,1000,30000,10000000000.0,1e-06,1.0,265.8107627385467,263.8986274265304,265.8107627385467,5.67736670731258,263.91900718729573,265.8107627385467,5.67736670731258,263.8986274265304,263.91900718729573,265.8107627385467,5.67736670731258,263.8986274265304,263.91900718729573,0.0,0.0,0.0,0.8285517692565918
AOA,Engineering,tension_spring,3,30,30,1000,30000,10000000000.0,1e-06,1.0,0.013162402661606,0.0127110630346553,0.013162402661606,0.0005190829283756,0.0130467318394726,0.013162402661606,0.0005190829283756,0.0127110630346553,0.0130467318394726,0.013162402661606,0.0005190829283756,0.0127110630346553,0.0130467318394726,0.0,0.0,0.0,0.9082229137420654
AOA,Engineering,welded_beam,4,30,30,1000,30000,10000000000.0,1e-06,1.0,1.804737924350554,1.730381124484805,1.804737924350554,0.1839615674466953,1.742951968154197,1.804737924350554,0.1839615674466953,1.730381124484805,1.742951968154197,1.804737924350554,0.1839615674466953,1.730381124484805,1.742951968154197,0.0,0.0,0.0,1.3960037231445312
AOA,Engineering,pressure_vessel,4,30,30,1000,30000,10000000000.0,1e-06,1.0,6796.429700625391,6064.612894605311,6796.429700625391,704.7804593174538,6533.058084267518,6796.429700625391,704.7804593174538,6064.612894605311,6533.058084267518,6796.429700625391,704.7804593174538,6064.612894605311,6533.058084267518,0.0,0.0,0.0,1.1444153785705566
AOA,Engineering,speed_reducer,7,30,30,1000,30000,10000000000.0,1e-06,1.0,3019.363614836269,2998.2711085296364,3019.363614836269,11.891642131766162,3018.889922434175,3019.363614836269,11.891642131766162,2998.2711085296364,3018.889922434175,3019.363614836269,11.891642131766162,2998.2711085296364,3018.889922434175,0.0,0.0,0.0,1.284536600112915
EO,Engineering,three_bar_truss,2,30,30,1000,30000,10000000000.0,1e-06,1.0,263.8977450151681,263.89588544109057,263.8977450151681,0.0019865250685686,263.8974736515625,263.8977450151681,0.0019865250685686,263.89588544109057,263.8974736515625,263.89774536060173,0.0019864803065348,263.8958859925366,263.8974741258173,5.283152093582544e-09,0.0,6.4545995215326e-09,1.1444389820098877
EO,Engineering,tension_spring,3,30,30,1000,30000,10000000000.0,1e-06,1.0,0.0128129639295015,0.0126674662881612,0.0128129639295015,0.00023402309265,0.0127196419040018,0.0128129639295015,0.00023402309265,0.0126674662881612,0.0127196419040018,0.0128129639295015,0.00023402309265,0.0126674662881612,0.0127196419040018,0.0,0.0,0.0,1.208928108215332
EO,Engineering,welded_beam,4,30,30,1000,30000,10000000000.0,1e-06,1.0,1.7258032326409931,1.7250643663744727,1.7258032326409931,0.0007302530898318,1.7255574301311165,1.7258032326409931,0.0007302530898318,1.7250643663744727,1.7255574301311165,1.7258032326409931,0.0007302530898318,1.7250643663744727,1.7255574301311165,0.0,0.0,0.0,1.6683087348937988
EO,Engineering,pressure_vessel,4,30,30,1000,30000,10000000000.0,1e-06,1.0,6528.015156841009,6059.71435165551,6528.015156841009,572.7995355220432,6090.691542093212,6528.015156841009,572.7995355220432,6059.71435165551,6090.691542093212,6528.015156844903,572.79953551886,6059.714351772314,6090.691542093212,1.1392234563108635e-10,0.0,0.0,1.4137935638427734
EO,Engineering,speed_reducer,7,30,30,1000,30000,10000000000.0,1e-06,1.0,2994.70375682477,2994.5101396304867,2994.70375682477,0.1310361728951266,2994.6817516980536,2994.70375682477,0.1310361728951266,2994.5101396304867,2994.6817516980536,2994.70375682477,0.1310361728951266,2994.5101396304867,2994.6817516980536,0.0,0.0,0.0,1.6587200164794922
SVOA,Engineering,three_bar_truss,2,30,30,1000,30000,10000000000.0,1e-06,1.0,263.8976460785633,263.8958468426863,263.8976460785633,0.0027515652738033,263.8965167649353,263.8976460785633,0.0027515652738033,263.8958468426863,263.8965167649353,263.89764614293745,0.0027515232013672,263.8958487739104,263.8965167649353,4.6322830016265466e-10,0.0,0.0,11.48169445991516
SVOA,Engineering,tension_spring,3,30,30,1000,30000,10000000000.0,1e-06,1.0,0.0130561937856742,0.0127391969678866,0.0130561937856742,0.0002544290119605,0.0130006855977859,0.0130561937856742,0.0002544290119605,0.0127391969678866,0.0130006855977859,0.0130561937856742,0.0002544290119605,0.0127391969678866,0.0130006855977859,0.0,0.0,0.0,11.542320251464844
SVOA,Engineering,welded_beam,4,30,30,1000,30000,10000000000.0,1e-06,1.0,1.771826446220076,1.7436455585273531,1.771826446220076,0.0297726991096944,1.758496708793634,1.771826446220076,0.0297726991096944,1.7436455585273531,1.758496708793634,1.771826446255344,0.0297726991969213,1.7436455585273531,1.758496708793634,1.0842557407464426e-11,0.0,0.0,12.252461433410645
SVOA,Engineering,pressure_vessel,4,30,30,1000,30000,10000000000.0,1e-06,0.9666666666666668,6336.1900222448,6092.774250238311,6343.285585404504,213.87942648130175,6412.493448510539,6335.040256024385,214.9213197364361,6092.774250238311,6411.994507904008,6336.1900222448,213.7280021810089,6092.774250238311,6411.994507904008,1.9576910042321907e-06,0.0,0.0,4.168898582458496
SVOA,Engineering,speed_reducer,7,30,30,1000,30000,10000000000.0,1e-06,1.0,3092.3476956045783,3035.6465860727017,3092.3476956045783,38.24103175431608,3084.366280251964,3092.3476956045783,38.24103175431608,3035.6465860727017,3084.366280251964,3092.3476956045783,38.24103175431608,3035.6465860727017,3084.366280251964,0.0,0.0,0.0,5.222333192825317
